75001,Pop-Rock
75001,Pop
75001,Rock
55368,Reggae
55368,Jamaica
55368,Dancehall
55368,Rap
3343,Dance-Pop
3343,Synth-Pop
3343,R&B
3343,Canada
3343,Pop
3343,Rap
95061,Pop
128053,Salsa
128053,Latin Pop
128053,R&B
128053,Pop
257734,UK
257734,Screen
257734,Soundtrack
257734,R&B
257734,Pop
21248,Adult Alternative
21248,Alternative Rock
21248,Adult Contemporary
21248,Electronic
21248,Neo Soul
21248,Soul
21248,Soul Pop
21248,Pop
21248,R&B
21248,Rock
542,Conscious Hip-Hop
542,Universal
542,Southern
542,Houston
542,Gangsta Rap
542,Memes
542,Rap
32771,Electro-Pop
32771,R&B
32771,Pop
3832506,Rap
3832506,Pop
3832506,R&B
509912,Soul
509912,Soul Pop
509912,Pop
509912,R&B
4122,Crunk
4122,Dirty South
4122,Hip-Hop
4122,Rap
197591,Adult Alternative
197591,Adult Contemporary
197591,Pop-Rock
197591,Alternative Rock
197591,Epic Records
197591,Pop
197591,Rock
61287,R&B
61287,Rap
32118,Rap
13786,Crunk
13786,Pop
13786,R&B
13786,Rap
108557,R&B
101460,Rap
196995,Def Jam Recordings
196995,Synth-Pop
196995,Dance-Pop
196995,Dance
196995,Pop
194045,Punk Rock
194045,Emo
194045,Alternative Pop
194045,Alternative
194045,Alternative Rock
194045,Pop-Rock
194045,Pop-Punk
194045,Rock
116101,Adult Alternative
116101,Alternative Rock
116101,Power Pop
116101,Pop-Rock
116101,Pop
116101,Rock
10725,Hip-Hop
10725,Rap
10725,Dance-Pop
10725,Pop
55581,Adult Alternative
55581,Alternative Rock
55581,Warner Bros.
55581,Pop-Rock
55581,Funk Rock
55581,Rock
1493,Crunk
1493,Rap
5523,Rap
330963,Disney
330963,Soundtrack
330963,Country
330963,Rock
65651,Adult Contemporary
65651,Adult Alternative
65651,Pop-Rock
65651,Alternative Rock
65651,Epic Records
65651,Pop
65651,Rock
49035,Def Jam Recordings
49035,R&B
49035,Pop
102032,Rock
187904,Alternative Rock
187904,Rock
371532,Electronic
371532,Dance
371532,Eurodance
371532,Pop
204744,R&B
204744,Funk
204744,Pop
131314,Alternative Pop
131314,Alternative
131314,Emo
131314,Pop-Punk
131314,Punk Rock
131314,Pop-Rock
131314,Alternative Rock
131314,Rock
1267,Hip-Hop
1267,Chicago
1267,G.O.O.D. Music
1267,Rap
1267,Producer 
5826,Rap
11957,Rap
65707,Jamaica
65707,Dancehall
65707,Rap
98315,Rock
198446,Pop-Rock
198446,Ballad
198446,Pop
74921,Pop
74921,R&B
6171,R&B
4054,Dance
4054,Pop
4054,Rap
5944,R&B
5944,Roc Nation
5944,Warner Bros.
5944,Alternative
5944,Rap
33025,Pop
33025,R&B
33025,Rap
198462,Pop-Rock
198462,Pop
198462,Rock
15242,Rap
790,Atlantic Records
790,Atlanta
790,Southern
790,Rap
77010,Emo
77010,Pop-Punk
77010,Pop
77010,Alternative Rock
77010,Rock
80275,Rock
204504,Soul
204504,R&B
204504,Pop
141996,R&B
141996,Rap
18489,Rap
54576,Rock
1118662,Pop
19863,R&B
19863,Rap
32211,R&B
458477,UK
458477,Singer-Songwriter
458477,Folk Rock
458477,Adult Contemporary
458477,Pop-Rock
458477,Adult Alternative
458477,Rock
458477,Blue-Eyed Soul
458477,Indie Rock
24805,Gangsta Rap
24805,New York
24805,East Coast
24805,Hip-Hop
24805,Rap
4061,Rap
32955,R&B
32955,Rap
2586,Rap
2586,Electro-Pop
2586,R&B
2586,Pop
2011,Interscope Records
2011,Aftermath Entertainment
2011,Shady Records
2011,SHADYXV
2011,Detroit
2011,Memes
2011,Rap
13648,Rap
32088,Rap
24395,Rap
2847,Shady Records
2847,R&B
2847,Rap
61354,Rap
61354,R&B
79158,Decaydance Records
79158,Alternative Pop
79158,Alternative
79158,Pop-Rock
79158,Punk Rock
79158,Emo
79158,Alternative Rock
79158,Pop-Punk
79158,Rock
2401256,Rap
2401256,Pop
2401256,R&B
418645,Rock
399713,Pop
399713,R&B
399713,Rap
8970,Rap
4175,Puerto Rico
4175,Latin Urban
4175,Latin Music
4175,Reggaeton
4175,En Español
4175,Rap
32193,Funk
32193,R&B
32193,Rap
32193,Pop
332460,Screen
332460,TV
332460,Pop Country
332460,Cover
332460,Country
332460,Rock
218580,Rock
189902,Country
437762,Rap
351248,Soundtrack
351248,Pop
351248,Dance
351248,Electro-Pop
351248,R&B
351248,Rap
73653,Alternative Rock
73653,Rock
114809,Pop-Rock
114809,Rock
32064,Pop
32064,Rap
62157,Pop
62157,R&B
62157,Rap
157246,Protest Songs
157246,Singer-Songwriter
157246,Adult Alternative
157246,Adult Contemporary
157246,Pop-Rock
157246,Soul
157246,Blues Rock
157246,Rock
669,Rap
10726,Pop
10726,Rap
1239,Aftermath Entertainment
1239,Interscope Records
1239,Shady Records
1239,Detroit
1239,Conscious Hip-Hop
1239,Rap
224104,Dance-Pop
224104,Synth-Pop
224104,Electronica
224104,Electronic
224104,Dance
224104,Disco
224104,Pop
45332,Trap
45332,Memphis
45332,Rap
247097,Ballad
247097,Soul
247097,Neo Soul
247097,Soul Pop
247097,R&B
135258,Non-Music
135258,R&B
135258,News 
45458,Atlantic Records
45458,Southern
45458,Atlanta
45458,Producer 
45458,Rap
195135,Pop
195135,Rock
21569,Indie Rock
21569,Alternative Rock
21569,Rap
21569,Rock
44380,R&B
44380,Rap
1593448,Soul Pop
1593448,Soul
1593448,Pop
1454413,Pop
2441980,Pop
2441980,R&B
1629,Def Jam Recordings
1629,Rap
1629,R&B
1629,Pop
90487,Pop
90487,Psychedelic
90487,Alternative Pop
5687,Florida
5687,Summer
5687,Southern
5687,R&B
5687,Rap
81615,Pop
81615,Country
158737,Emo
158737,Acoustic
158737,Ballad
158737,Rock
177239,R&B
177239,Rap
62177,R&B
32326,Interscope Records
32326,Hip-Hop
32326,R&B
32326,Pop
32326,Rap
7722,R&B
96005,Pop-Rock
96005,Pop-Punk
96005,Canada
96005,Pop
107870,Protest Songs
107870,Adult Contemporary
107870,Alternative Dance
107870,Adult Alternative
107870,Rock
107870,Pop-Rock
107870,Dance-Pop
107870,Pop
42105,Rap
2847,Shady Records
2847,R&B
2847,Rap
708,Capitol Records
708,New York
708,Crunk
708,Rap
392133,Post-Grunge
392133,Pop
392133,Pop-Rock
392133,Rock
30290,Rap
32275,Dance-Pop
32275,Dance
32275,Electro-Pop
32275,Electronic
32275,Hip-Hop
32275,Pop
32275,Rap
1711,Hip-Hop
1711,Dirty South
1711,Universal
1711,Summer
1711,Dance
1711,Interscope Records
1711,Southern
1711,Atlanta
1711,Crunk
1711,Memes
1711,Rap
30280,Beef
30280,Portugal
30280,Canada
30280,Tennessee
30280,Memphis
30280,Southern
30280,West Coast
30280,Interscope Records
30280,Dance-Pop
30280,Dance
30280,R&B
30280,Electro-Pop
30280,Electro
30280,Pop
30280,Rap
65651,Adult Contemporary
65651,Adult Alternative
65651,Pop-Rock
65651,Alternative Rock
65651,Epic Records
65651,Pop
65651,Rock
392145,Soundtrack
392145,Pop-Rock
392145,Pop
392145,Rock
2586,Rap
2586,Electro-Pop
2586,R&B
2586,Pop
525,France
525,Pop
525,Electro-Hop
525,Electronic
525,House
525,Roc Nation
525,Producer 
525,Def Jam Recordings
525,G.O.O.D. Music
525,Chicago
525,Rap
80,Producer 
80,Rap
195167,Pop
195167,Rock
42480,Rap
102792,Protest Songs
102792,Electronic Rock
102792,Decaydance Records
102792,Alternative Pop
102792,Alternative
102792,Alternative Rock
102792,Pop-Rock
102792,Punk Rock
102792,Pop-Punk
102792,Emo
102792,Rock
44357,R&B
22875,Rap
1616,Rap
133035,Hard Rock
133035,Rock
131359,Island Records
131359,Pop-Rock
131359,Decaydance Records
131359,Punk Rock
131359,Alternative Pop
131359,Alternative
131359,Emo
131359,Alternative Rock
131359,Pop-Punk
131359,Rock
83180,Alternative
83180,Rock
83180,Alternative Rock
33027,R&B
33027,Rap
2285826,Pop
38144,Pop
38144,R&B
38144,Rap
19749,Rap
117422,R&B
187904,Alternative Rock
187904,Rock
157246,Protest Songs
157246,Singer-Songwriter
157246,Adult Alternative
157246,Adult Contemporary
157246,Pop-Rock
157246,Soul
157246,Blues Rock
157246,Rock
148189,R&B
148189,Pop
32285,Pop
32285,R&B
32285,Rap
266740,Rock
67998,Rap
27828,R&B
27828,Rap
397654,Alternative Rock
397654,Rock
3700,Rap
297931,R&B
11181,Rap
133519,Hard Rock
133519,Post-Hardcore
133519,Emo
133519,Alternative Rock
133519,Pop-Punk
133519,Rock
37362,Rap
102032,Rock
32771,Electro-Pop
32771,R&B
32771,Pop
199018,Pop
199018,Canada
32495,Soul Pop
32495,R&B
32495,Rap
1830,R&B
1830,Producer 
1830,Pop
441426,Pop
102913,Rap
102913,R&B
195138,Pop-Rock
195138,Pop
198457,Glam Rock
198457,Pop
198457,Rock
61434,R&B
57235,R&B
6031,Rap
52860,Adult Alternative
52860,Pop
52860,Funk
52860,Soul Jazz
52860,Soul Pop
52860,R&B
52860,Soul
52860,Rock
2456245,Rap
428036,Soul
428036,Soul Pop
428036,Pop
428036,R&B
609434,Rock
48375,Rap
653324,Rock
423090,Electro-Pop
423090,Pop
9116,Rap
219323,Electro-Pop
219323,Electronic
219323,Dance-Pop
219323,Dance
219323,Def Jam Recordings
219323,Jamaica
219323,Dancehall
219323,Pop
425623,Rock
2572,Shady Records
2572,Aftermath Entertainment
2572,Interscope Records
2572,Rap
2572,Producer 
27826,Rap
57189,Big Machine Records
57189,Country
57189,Pop
56622,Def Jam Recordings
56622,R&B
56622,Pop
54294,Rock
5826,Rap
4514,Dance
4514,Rap
4514,Pop
4514,R&B
54576,Rock
14870,Rap
132014,Electro-Pop
132014,Electro-Funk
132014,R&B
132014,Pop
187405,Rock
282635,Rock
525416,Pop-Rock
525416,Pop
525416,R&B
525416,Rap
20062,Florida
20062,Southern
20062,Crunk
20062,Pop
20062,Electro-Pop
20062,Rap
154911,UK
154911,R&B
154911,Pop
428036,Soul
428036,Soul Pop
428036,Pop
428036,R&B
1524,YMCMB
1524,Young Money
1524,Republic Records
1524,Rap
1830,R&B
1830,Producer 
1830,Pop
75226,Pop
75226,Rock
32544,R&B
4423,Rap
4423,Pop
4423,R&B
55381,Rap
55381,Pop
55381,R&B
58062,Def Jam Recordings
58062,R&B
58062,Pop
49192,Pop
49192,Adult Alternative
49192,Adult Contemporary
49192,Pop-Rock
49192,Chamber Music
49192,Baroque Pop
49192,British Rock
49192,Soundtrack
49192,Alternative
49192,UK
49192,Alternative Rock
49192,Rock
130024,Rock
130024,Pop-Rock
130024,Dance-Pop
130024,Pop
1993,Rap
110417,Def Jam Recordings
110417,Dance-Pop
110417,Electro-Pop
110417,R&B
110417,Pop
97149,Def Jam Recordings
97149,Electro-Pop
97149,Dance-Pop
97149,Electro House
97149,House
97149,Dance
97149,Electronic
97149,Pop
116960,Epic Records
116960,Screen
116960,Soundtrack
116960,Pop
4514,Dance
4514,Rap
4514,Pop
4514,R&B
95905,Rap
95905,Dance
95905,R&B
441426,Pop
115451,R&B
115451,Pop
1650,Dance
1650,Pop
195149,Power Pop
195149,Alternative Rock
195149,Pop-Rock
195149,Pop
195149,Rock
282635,Rock
369759,R&B
369759,Pop
58874,Adult Contemporary
58874,Adult Alternative
58874,Pop-Rock
58874,Pop
58874,Rock
1553984,Pop
25887,Rap
379030,Pop
379030,Pop-Rock
379030,R&B
379030,Rock
186012,Electro-Pop
186012,Pop-Rock
186012,Soundtrack
186012,Pop
334991,New Wave
334991,Synth-Pop
334991,Rock
157814,Pop-Rock
157814,Pop
157814,Rock
2171,Trap
2171,Rock
2171,Pop
2171,Rap
195945,Pop-Rock
195945,Dance-Pop
195945,Pop
737,Grand Hustle
737,Roc Nation
737,Atlantic Records
737,Pop
737,Rap
2927,West London
2927,Chicago
2927,Memes
2927,G.O.O.D. Music
2927,Atlantic Records
2927,R&B
2927,Rap
1234,Rap
132097,Pop Country
132097,Big Machine Records
132097,Country
132097,Pop
170443,Rap
59,YMCMB
59,Young Money
59,Crunk
59,New Orleans
59,Southern
59,Rap
229865,Rock
47608,Rap
4592,R&B
4592,Rap
780677,R&B
780677,Soul
780677,Soul Pop
780677,Pop
57189,Big Machine Records
57189,Country
57189,Pop
533069,Electro-Pop
533069,R&B
533069,Pop
799345,Pop
140823,Rap
267894,Rock
154924,R&B
154924,Pop
1711,Hip-Hop
1711,Dirty South
1711,Universal
1711,Summer
1711,Dance
1711,Interscope Records
1711,Southern
1711,Atlanta
1711,Crunk
1711,Memes
1711,Rap
371625,Alternative
371625,Alternative Rock
371625,Rock
1298,Wu-Tang
1298,Young Money
1298,Columbia Records
1298,Reggae
1298,R&B
1298,Rap
51829,Pop
51829,R&B
227416,Rock
20059,Rap
206599,Rock
2274681,Pop
97187,Def Jam Recordings
97187,R&B
856,Chicago
856,Rap
103804,R&B
6252,YMCMB
6252,Young Money
6252,Republic Records
6252,Universal
6252,Universal Republic Records
6252,Pop-Rock
6252,Electronic Rock
6252,Pop
6252,Alternative Rock
6252,Rock
6252,Rap
15254,R&B
15254,Rap
448432,Pop
601,Rap
1197075,Pop
45309,Rap
9116,Rap
341581,Pop
341581,R&B
174671,Rock
174671,Pop-Rock
174671,Pop
2228,R&B
2228,Chicago
2228,G.O.O.D. Music
2228,Electro-Pop
2228,Pop
2228,Producer 
80583,R&B
226895,Pop
226895,Rock
37357,Rap
1043,Florida
1043,Producer 
1043,Def Jam Recordings
1043,G.O.O.D. Music
1043,Chicago
1043,Rap
193688,Dance-Pop
193688,Electro-Pop
193688,Pop
98867,Big Machine Records
98867,Country
98867,Pop
765438,Funk
765438,Soul
765438,R&B
765438,Pop
65514,Electronic
65514,Dance
65514,Electro
65514,Pop
56776,Rap
4333,Country
4333,Rock
74392,R&B
733936,Pop-Rock
733936,Rock
746,Rap
357773,R&B
357773,Rap
523,Def Jam Recordings
523,G.O.O.D. Music
523,Chicago
523,Rap
83,Rap
186002,Pop-Rock
186002,Pop
721458,Rock
392169,Pop
392169,Post-Grunge
392169,Alternative
392169,Alternative Rock
392169,Pop-Rock
392169,Rock
30290,Rap
179938,Hard Rock
179938,Post-Grunge
179938,Rock
1375571,Pop
107346,R&B
107346,Rap
6817,Rap
10685,Electronic
10685,Dance
10685,Pop
10685,Rap
1316,Dance-Pop
1316,Pop
51012,Dance-Pop
51012,Pop
10692,Rap
98867,Big Machine Records
98867,Country
98867,Pop
5272,Rap
58874,Adult Contemporary
58874,Adult Alternative
58874,Pop-Rock
58874,Pop
58874,Rock
50873,R&B
50873,Pop
526,Roc Nation
526,Def Jam Recordings
526,Synth-Pop
526,Chicago
526,G.O.O.D. Music
526,R&B
526,Rap
526,Electro-Pop
526,Pop
376579,Pop-Rock
376579,Rock
98869,Big Machine Records
98869,Country
98869,Pop
4368,Grand Hustle
4368,Rap
138503,Pop
138503,Alternative Rock
138503,Rock
51003,Pop-Rock
51003,Pop
51003,Rock
4140,G.O.O.D. Music
4140,Interscope Records
4140,Pop
4140,R&B
4140,Rap
5189,Rap
737,Grand Hustle
737,Roc Nation
737,Atlantic Records
737,Pop
737,Rap
49919,Universal
49919,Interscope Records
49919,Rap
5070,Young Money
5070,Republic Records
5070,Universal Republic Records
5070,YMCMB
5070,Southern
5070,New Orleans
5070,UK
5070,Pop
5070,R&B
5070,Rap
186043,Soundtrack
186043,Pop-Rock
186043,Country
186043,Pop
672,Motown
672,Republic Records
672,R&B
672,Pop
672,Young Money
672,Toronto
672,Canada
672,YMCMB
672,OVO
672,Rap
198567,Pop
52158,Columbia Records
52158,Ballad
52158,R&B
52158,Pop
195945,Pop-Rock
195945,Dance-Pop
195945,Pop
53843,Alternative Rock
53843,Rock
193691,Electro-Pop
193691,Dance-Pop
193691,Pop
2509,Pop
105094,Electronic
105094,Pop
105094,Rap
6252,YMCMB
6252,Young Money
6252,Republic Records
6252,Universal
6252,Universal Republic Records
6252,Pop-Rock
6252,Electronic Rock
6252,Pop
6252,Alternative Rock
6252,Rock
6252,Rap
6028,Pop
6028,R&B
5715,Dance-Pop
5715,Pop
195938,Rock
195938,Pop-Rock
195938,Power Pop
195938,Pop
2443,R&B
195154,Pop-Rock
195154,Power Pop
195154,Pop
195154,Rock
193688,Dance-Pop
193688,Electro-Pop
193688,Pop
1993,Rap
96442,Beef
96442,R&B
96442,Pop
95909,R&B
95909,Pop
461650,Alternative
461650,Blues
461650,Rock
2228,R&B
2228,Chicago
2228,G.O.O.D. Music
2228,Electro-Pop
2228,Pop
2228,Producer 
195149,Power Pop
195149,Alternative Rock
195149,Pop-Rock
195149,Pop
195149,Rock
109321,Pop
109321,Rap
1314,New York
1314,Compton
1314,Detroit
1314,Interscope Records
1314,Aftermath Entertainment
1314,Shady Records
1314,Posse Cut
1314,Rap
83613,Houston
83613,Folk Rock
83613,Folk
83613,R&B
83613,Pop
5266,Pop
5266,R&B
5266,Rap
495621,Ballad
495621,Pop
196522,Pop-Rock
196522,Rock
195168,Pop
195168,Rock
153998,Dance-Pop
153998,Pop
7721,R&B
7721,Rap
49192,Pop
49192,Adult Alternative
49192,Adult Contemporary
49192,Pop-Rock
49192,Chamber Music
49192,Baroque Pop
49192,British Rock
49192,Soundtrack
49192,Alternative
49192,UK
49192,Alternative Rock
49192,Rock
5528,R&B
5528,Rap
466163,R&B
466163,Pop
20067,Rap
51829,Pop
51829,R&B
54831,Republic Records
54831,Universal Republic Records
54831,Synth-Pop
54831,Electronic
54831,Memes
54831,Pop
67926,Industrial
67926,Alternative
67926,Alternative Rock
67926,Industrial Rock
67926,Electronic Rock
67926,Electronic
67926,Rock
376636,Chart History
376636,Rap
79550,Rap
52863,Dance
52863,Electro-Pop
52863,Electronic
52863,Pop
414,Crunk
414,Southern
414,Atlanta
414,East Coast
414,Baltimore
414,Epic Records
414,Electro-Pop
414,Pop
414,R&B
414,Rap
56878,R&B
56878,Pop
1646,Rap
446202,Pop
79886,Synth Rock
79886,New Wave
79886,Power Pop
79886,Electro-Pop
79886,Pop
154261,Rock
411,Producer 
411,Rap
183132,Pop
183132,Pop-Punk
183132,Pop-Rock
1947,Rap
193709,Electro-Pop
193709,Dance-Pop
193709,Pop
194308,Country
194308,Rock
98893,Big Machine Records
98893,Ballad
98893,Country
98893,Pop
110417,Def Jam Recordings
110417,Dance-Pop
110417,Electro-Pop
110417,R&B
110417,Pop
182153,Alternative Rock
182153,Rock
65311,R&B
82215,Country
82215,Rock
68973,Rap
68973,R&B
68973,Pop
2545,Pop
2545,R&B
198328,Country
946017,Pop
89663,Electronic
89663,Dance
89663,Electro-Pop
89663,Pop
214307,Producer 
214307,Young Money
214307,Toronto
214307,OVO
214307,Canada
214307,YMCMB
214307,Rap
80308,Canada
80308,Pop
196130,Country
196130,Rock
198568,Pop
198568,Pop-Rock
198568,Power Pop
3482,Pop
3482,Electronic
3482,Soul Pop
3482,Soul
3482,R&B
3482,Rap
446349,Country
446349,Rock
295998,Country
295998,Rock
63434,R&B
63434,Pop
487542,Electro-Pop
487542,Dance-Pop
487542,Pop
1249145,Dancehall
1249145,Ska Punk
1249145,Ska
1249145,Adult Alternative
1249145,Pop
1249145,Reggae
1249145,Rap
73529,Neo Soul
73529,Soul
73529,R&B
217735,Alternative Rock
217735,Rock
694560,Pop
60796,Country
105922,Folk
105922,Pop
105922,Pop-Rock
3250,Dance-Pop
3250,Funk-Pop
3250,Disco
3250,Pop
32661,R&B
32661,Pop
428,Gaming
428,Soundtrack
428,Pop
428,Rap
532,Roc Nation
532,Def Jam Recordings
532,Aftermath Entertainment
532,Interscope Records
532,Shady Records
532,Detroit
532,Ballad
532,Pop
532,Rap
1313,Electronic
1313,Synth-Pop
1313,Electro-Pop
1313,Dance-Pop
1313,Pop
5807,Electro-Pop
5807,Pop
113544,Pop
1411,Pop
1411,Rap
205697,Electro-Pop
205697,Pop
261,Posse Cut
261,West Coast
261,Canada
261,Toronto
261,OVO
261,East Coast
261,New York
261,Southern
261,New Orleans
261,Motown
261,Universal
261,YMCMB
261,Young Money
261,R&B
261,Pop
261,Rap
99032,Pop
99032,R&B
2175,R&B
2175,Pop
54504,Synth-Pop
54504,Electronic
54504,Electro-Pop
54504,Dance-Pop
54504,Pop
3645,Dance-Pop
3645,Power Pop
3645,Electro-Pop
3645,Pop
724006,Ballad
724006,Adult Contemporary
724006,Soul Pop
724006,Soul
724006,R&B
724006,Pop
91101,Electro-Pop
91101,Pop
6165,Pop
6165,Rap
376636,Chart History
376636,Rap
1236,R&B
1236,Pop
916,Rap
916,Pop
463,Soundtrack
463,Interscope Records
463,Aftermath Entertainment
463,Shady Records
463,Detroit
463,Pop
463,Rap
2545,Pop
2545,R&B
59166,Pop
71276,Pop-Rock
71276,Ireland
71276,Pop
25996,Electro-Pop
25996,Dance-Pop
25996,Pop
10692,Rap
54831,Republic Records
54831,Universal Republic Records
54831,Synth-Pop
54831,Electronic
54831,Memes
54831,Pop
57432,R&B
57432,Rap
576,Toronto
576,Young Money
576,R&B
576,YMCMB
576,OVO
576,Canada
576,Rap
1189,Electronic
1189,Electro-Pop
1189,Synth-Pop
1189,Eurodance
1189,Dance-Pop
1189,Pop
60567,Pop
60567,R&B
2549,Pop
2549,R&B
2549,Hip-Hop
2549,Rap
395,Rap
1806,Electro-Pop
1806,Pop
1806,Rap
30258,Rap
441357,Jazz
441357,Pop
20066,Rap
5070,Young Money
5070,Republic Records
5070,Universal Republic Records
5070,YMCMB
5070,Southern
5070,New Orleans
5070,UK
5070,Pop
5070,R&B
5070,Rap
66262,Alternative Dance
66262,Techno
66262,New Wave
66262,Electronica
66262,Chiptune
66262,Electro
66262,Electro-Pop
66262,Electronic
66262,Synth-Pop
66262,Pop
6028,Pop
6028,R&B
566,Canada
566,Rap
566,Pop
209173,Pop
2520,Pop Country
2520,Power Pop
2520,Big Machine Records
2520,Country
2520,Pop
89440,Roc Nation
89440,R&B
89440,Pop
382266,Adult Alternative
382266,Adult Contemporary
382266,Alternative Rock
382266,Christian
382266,Pop-Rock
382266,Rock
382266,Pop
934,Def Jam Recordings
934,Trap
934,Rap
3051617,Non-Music
25977,Electro-Pop
25977,Dance-Pop
25977,Rap
25977,Pop
1378,R&B
1378,Rap
67651,R&B
67651,Rap
135916,Pop
135916,Pop-Rock
135916,Rock
366177,Rock
366177,Pop-Rock
396,Rap
98869,Big Machine Records
98869,Country
98869,Pop
10695,Pop
10695,New Wave
10695,Dance-Pop
26003,Electronic Pop
26003,Electronic
26003,Electro
26003,Dance-Pop
26003,Electro-Pop
26003,Pop
322,OVO
322,YMCMB
322,Canada
322,Producer 
322,Rap
66489,Adult Alternative
66489,Adult Contemporary
66489,Alternative Dance
66489,Alternative Rock
66489,New Wave
66489,Pop-Rock
66489,Pop
66489,Rock
72945,Pop
1238,Power Pop
1238,Pop-Rock
1238,Pop
1238,Rap
153998,Dance-Pop
153998,Pop
35396,Rap
685,Young Money
685,YMCMB
685,Pop
685,Rap
2509,Pop
1406,R&B
1406,Rap
89663,Electronic
89663,Dance
89663,Electro-Pop
89663,Pop
50571,R&B
50571,Rap
214307,Producer 
214307,Young Money
214307,Toronto
214307,OVO
214307,Canada
214307,YMCMB
214307,Rap
642957,Country
642957,Pop
113270,Dance-Pop
113270,Rap
113270,Pop
63434,R&B
63434,Pop
5004,Rap
83577,Classical Music
83577,Adult Alternative
83577,Adult Contemporary
83577,Ballad
83577,Pop-Rock
83577,Baroque Pop
83577,Classical Crossover
83577,Pop
83577,Rock
57702,Electro-Pop
57702,Teen Pop
57702,Dance-Pop
57702,Pop
1828489,R&B
1828489,Soul
1828489,Rap
1828489,Soul Pop
1828489,Pop
732,West Coast
732,Compton
732,MMG
732,Atlanta
732,Southern
732,Florida
732,R&B
732,Pop
732,Rap
673,Rap
445543,Country
445543,Rock
2866383,Pop
2866383,R&B
419860,Producer 
419860,R&B
419860,Pop
187443,Country
187443,Pop
480,Rap
56878,R&B
56878,Pop
51003,Pop-Rock
51003,Pop
51003,Rock
144193,Country
1829,Electro-Pop
1829,Pop
896,Rap
195415,Country
195415,Rock
57370,Country
135067,Pop-Punk
135067,Fueled By Ramen
135067,Rock
196178,Country
196178,Rock
392331,Pop-Rock
392331,Piano
392331,Indie Pop
392331,Pop
392331,Rock
392255,Rock
1222,Rap
776469,R&B
776469,Soul
776469,Soul Pop
776469,Pop
253672,Country
253672,Rock
61289,Pop
61289,Blues
61289,Adult Alternative
61289,Adult Contemporary
61289,Blue-Eyed Soul
61289,Soul
6399,Electro-Hop
6399,Electro-Pop
6399,Electronic
6399,Dance-Pop
6399,Dance
6399,Memes
6399,Rap
6399,Pop
2563,Dance-Pop
2563,Rock
2563,Pop
196096,Electronic
196096,Pop
49268,R&B
49268,Electro-Pop
49268,Pop
49268,Rap
58988,Piano
58988,Soul Pop
58988,Soul
58988,Ballad
58988,Adult Contemporary
58988,R&B
58988,Pop
2110,Young Money
2110,YMCMB
2110,Pop
2110,Rap
55583,Pop
10630,Pop
10630,Electronic
10630,Rap
49261,Dance-Pop
49261,Dance
49261,Rap
49261,Pop
4580,R&B
4580,Roc Nation
4580,Pop
1429,Adult Alternative
1429,Memes
1429,Columbia Records
1429,Electronic Rock
1429,Electro-Pop
1429,Electronic
1429,Pop-Rock
1429,Indie
1429,Indie Pop
1429,Indie Rock
1429,Pop
1429,Alternative Pop
1429,Alternative
1429,Alternative Rock
1429,Rock
72010,Dance-Pop
72010,Pop
724006,Ballad
724006,Adult Contemporary
724006,Soul Pop
724006,Soul
724006,R&B
724006,Pop
205784,Pop
195265,Pop-Rock
195265,Pop
195265,Rock
4320,Electronic
4320,Electro-Pop
4320,Synth-Pop
4320,Disco
4320,LGBTQ+
4320,Pop
3176088,List
3176088,Horror
3176088,Fantasy Fiction
3176088,Non-Music
1812,Roc Nation
1812,Rap
1812,R&B
1812,Pop
3046,YMCMB
3046,Young Money
3046,RCA
3046,Producer 
3046,Southern
3046,New Orleans
3046,New York
3046,Brooklyn
3046,East Coast
3046,Rap
4164,R&B
4164,Rap
50405,R&B
50405,Pop
50405,Rap
51294,Easy Listening
51294,Soul Pop
51294,Adult Alternative
51294,Adult Contemporary
51294,Ballad
51294,Piano
51294,Pop
51294,Soul
338330,Pop
338330,Adult Alternative
338330,Adult Contemporary
338330,Pop-Rock
338330,Rock
49966,Pop-Rock
49966,R&B
49966,Pop
193718,Electro-Pop
193718,Dance-Pop
193718,Pop
1677,Rap
49946,Electronic Rock
49946,Electronic
49946,Electro-Pop
49946,Disco
49946,Dance-Pop
49946,Pop
5379,Pop
1210,Pop
1210,Rap
51344,Alternative Rock
51344,Pop-Rock
51344,Dance-Pop
51344,Pop
51344,Rock
25986,Electro-Pop
25986,Pop
50620,Aftermath Entertainment
50620,Interscope Records
50620,Shady Records
50620,Detroit
50620,Pop
50620,Rap
57370,Country
51371,R&B
51371,Pop-Rock
51371,Pop
51371,Rap
10638,Rap
2338,Rap
2338,R&B
1844,Electro-Pop
1844,Pop
1844,Rap
89440,Roc Nation
89440,R&B
89440,Pop
2635,YMCMB
2635,Producer 
2635,Memes
2635,Rap
49845,Country
67278,Country
67278,Rock
5807,Electro-Pop
5807,Pop
1051,Trap
1051,Rap
50505,Dance-Pop
50505,Pop
50025,Universal
50025,Motown
50025,New Orleans
50025,MMG
50025,Southern
50025,Florida
50025,Young Money
50025,Toronto
50025,Producer 
50025,YMCMB
50025,Canada
50025,OVO
50025,Rap
52857,Dance
52857,Pop
52857,Blues
52857,Rock
55994,Electro House
55994,Eurodance
55994,Dance-Pop
55994,Pop
2045,OVO
2045,Young Money
2045,YMCMB
2045,Rap
2059,Interscope Records
2059,Aftermath Entertainment
2059,Shady Records
2059,West Coast
2059,Rap
2549,Pop
2549,R&B
2549,Hip-Hop
2549,Rap
5026,R&B
5026,Rap
56156,Pop-Rock
56156,Rock
56156,Pop
4248,Rap
55774,Electro-Pop
55774,Pop
55774,Rap
3743,Electro-Pop
3743,Electronic
3743,Electro-Hop
3743,Pop
3743,Rap
1781,Pop
1781,Producer 
1781,Roc Nation
1781,Def Jam Recordings
1781,G.O.O.D. Music
1781,Chicago
1781,Rap
3366,Dance-Pop
3366,Pop
501917,R&B
501917,Pop
5325,Pop-Rock
5325,Canada
5325,Pop
1889,Rapcore
1889,Rap
1378,R&B
1378,Rap
1236,R&B
1236,Pop
113252,Ireland
113252,Rock
185882,Country
185882,Rock
198596,Country
56642,Electro-Pop
56642,Electronic
56642,R&B
56642,Pop
2176,R&B
2176,Rap
80398,Pop-Rock
80398,Glam Rock
80398,Pop
1806,Electro-Pop
1806,Pop
1806,Rap
110785,Electro-Pop
110785,Electronic
110785,Dance
110785,R&B
110785,Pop
3774,Baroque Pop
3774,Country
3774,Pop
3645,Dance-Pop
3645,Power Pop
3645,Electro-Pop
3645,Pop
56117,Canada
56117,Country
4321,Roc Nation
4321,R&B
4321,Pop
92787,Pop
277320,Country
277320,R&B
277320,Rock
196848,Country
196848,Rock
81795,Country
81795,Rock
3042430,Non-Music
3042430,List
5504,Rap
52766,Toronto
52766,YMCMB
52766,Young Money
52766,OVO
52766,Canada
52766,Rap
51492,Soul
51492,Neo Soul
51492,Soul Pop
51492,R&B
51492,Pop
50793,Dance-Pop
50793,Electro-Pop
50793,Pop
50793,R&B
6280,Electro-Pop
6280,Dance
6280,Pop
49222,Pop
49222,R&B
49222,Rap
544435,Country
544435,Rock
209321,Electro-Pop
209321,Pop
5611,Soul
5611,Soul Pop
5611,R&B
6125,Pop
6125,Rap
53819,Rap
2107518,Country
66489,Adult Alternative
66489,Adult Contemporary
66489,Alternative Dance
66489,Alternative Rock
66489,New Wave
66489,Pop-Rock
66489,Pop
66489,Rock
195615,Country
195615,Rock
332375,Country
332375,Rock
4196,Rap
65848,Adult Alternative
65848,Alternative Pop
65848,Adult Contemporary
65848,Ballad
65848,Indie Pop
65848,Pop
70085,Dance-Pop
70085,Teen Pop
70085,Canada
70085,Memes
70085,Pop
63985,Warner Bros.
63985,Atlantic Records
63985,Indie Pop
63985,Adult Alternative
63985,Ballad
63985,Pop
63985,Rock
71518,Pop
79697,UK
79697,Pop
70517,Dance-Pop
70517,Pop
198560,Electro-Pop
198560,Pop
56642,Electro-Pop
56642,Electronic
56642,R&B
56642,Pop
65701,Young Money
65701,YMCMB
65701,Pop
65701,Rap
72070,Boy Band
72070,Power Pop
72070,Pop-Rock
72070,Rock
72070,UK
72070,Pop
68266,Pop
68266,Rap
62493,Ballad
62493,Rock
62493,Soul
62493,UK
62493,Pop
55774,Electro-Pop
55774,Pop
55774,Rap
66704,Pop
66704,Alternative Rock
66704,Alternative Pop
66704,Indie Rock
66704,Indie Pop
66704,Rock
83607,Dance-Pop
83607,Pop
55193,Rap
72458,Rap
78316,Pop
65779,Pop
65779,Pop-Rock
58325,Southern
58325,Producer 
58325,Republic Records
58325,Memes
58325,Hyphy
58325,West Coast
58325,Bay Area
58325,New Orleans
58325,Toronto
58325,Young Money
58325,OVO
58325,Canada
58325,YMCMB
58325,Rap
59662,House
59662,Electro-Pop
59662,Pop
116505,Pop-Rock
116505,Pop
116505,Rock
58344,Toronto
58344,Young Money
58344,YMCMB
58344,Roc Nation
58344,R&B
58344,OVO
58344,Canada
58344,Rap
64869,House
64869,Electro-Pop
64869,Dance
64869,Pop
71410,Adult Alternative
71410,Adult Contemporary
71410,Ballad
71410,Pop-Rock
71410,Pop
71410,Rock
57149,Screen
57149,Pop
57149,Soundtrack
376636,Chart History
376636,Rap
68966,Rap
68966,Canada
68966,Pop
6399,Electro-Hop
6399,Electro-Pop
6399,Electronic
6399,Dance-Pop
6399,Dance
6399,Memes
6399,Rap
6399,Pop
76374,Rock
68946,Power Pop
68946,Dance-Pop
68946,Pop
4935,Pop
4935,Rap
84880,Dance-Pop
84880,Country
84880,Pop-Rock
84880,Big Machine Records
84880,Pop
77547,Dance
77547,Dance-Pop
77547,Canada
77547,Rap
77547,Electronic
77547,Pop
54628,Electronic
54628,Dance
54628,Rap
54628,Pop
55583,Pop
84087,Electro-Pop
84087,Pop
84087,Rock
76420,Pop
76420,R&B
376636,Chart History
376636,Rap
59339,Bubblegum Pop
59339,Dance-Pop
59339,Pop
85010,UK
85010,Electronic
85010,Pop
51294,Easy Listening
51294,Soul Pop
51294,Adult Alternative
51294,Adult Contemporary
51294,Ballad
51294,Piano
51294,Pop
51294,Soul
72527,Electronic
72527,R&B
72527,Pop
52561,West Coast
52561,Hyphy
52561,Rap
67446,Pop
88368,English Translation
88368,Translation
88368,Electro-Pop
88368,Pop
88368,YouTube
88368,Memes
88368,K-Pop
88368,Korean
50791,Pop
50791,Rap
150933,Adult Alternative
150933,Adult Contemporary
150933,Pop-Rock
150933,Folk Rock
150933,Folk
150933,American Idol
150933,Pop
150933,Rock
110785,Electro-Pop
110785,Electronic
110785,Dance
110785,R&B
110785,Pop
59774,Pop
59774,Rap
82339,Country
82339,Rock
72995,Atlanta
72995,YMCMB
72995,Def Jam Recordings
72995,Young Money
72995,OVO
72995,Canada
72995,Toronto
72995,Southern
72995,Trap
72995,Rap
83183,Pop
63158,EDM
63158,Pop
63158,Dance
63158,Rap
63158,R&B
51165,G.O.O.D. Music
51165,Rap
342799,Country
342799,Rock
64835,Pop
64835,Rap
65886,Pop
65886,Pop-Rock
65886,Blue-Eyed Soul
65886,Rock
51371,R&B
51371,Pop-Rock
51371,Pop
51371,Rap
71313,Rap
51110,East Coast
51110,Def Jam Recordings
51110,Universal
51110,Roc Nation
51110,Dreamville
51110,Rap
57209,Blues
57209,Adult Alternative
57209,Blue-Eyed Soul
57209,Soul
57209,Pop
57209,R&B
57209,Rock
73076,Rock
76282,Country
76282,Rock
194879,Capitol Nashville
194879,Country
194879,Rock
92021,Adult Alternative
92021,Adult Contemporary
92021,Pop
92021,Pop-Rock
92021,Indie Pop
92021,Indie Rock
92021,Folk Rock
92021,Rock
55882,Alternative Pop
55882,Alternative Rock
55882,Alternative
55882,Electronic Rock
55882,Synth-Pop
55882,Pop-Rock
55882,UK
55882,Pop
55882,Rock
82219,Country
82219,Rock
61289,Pop
61289,Blues
61289,Adult Alternative
61289,Adult Contemporary
61289,Blue-Eyed Soul
61289,Soul
65806,Electronic
65806,R&B
65806,Pop
72171,Rap
92862,R&B
92862,Pop
69585,Young Money
69585,YMCMB
69585,Pop
69585,Rap
81756,Country
81756,Rock
69366,R&B
53272,Producer 
53272,Rap
59249,R&B
59249,Pop
66284,Pop
66284,Rap
254781,Pop-Rock
254781,Pop
254781,Rock
61003,Country
61003,Rock
75007,Dance-Pop
75007,Electro-Pop
75007,Pop
64338,EDM
64338,Dance
64338,R&B
64338,Pop
55480,R&B
55480,Rap
98919,Screen
98919,Pop
98919,Soundtrack
194016,Country
194016,Rock
59008,R&B
59008,Pop
196287,Rap
109198,Adult Alternative
109198,Alternative Pop
109198,Alternative Rock
109198,Pop-Rock
109198,Alternative
109198,Indie Rock
109198,Pop
109198,Rock
66225,Rap
187613,Country
187613,Rock
89794,R&B
89794,Pop
387536,Country
387536,Rock
76111,Country
76111,Rock
68713,Pop
68713,Neo Soul
68713,Singer-Songwriter
68713,Trip-Hop
68713,Soul
68713,Soul Pop
68713,R&B
194114,Country
194114,Rock
71798,Alternative
71798,Rock
71798,Alternative Rock
71798,Electronic Rock
71798,Rap
86538,Indie Rap
86538,Pop
86538,Rap
131845,R&B
131845,Pop
98754,Industrial
98754,Adult Alternative
98754,Dubstep
98754,Alternative Pop
98754,Alternative Rock
98754,Pop-Rock
98754,Alternative
98754,Electronic Rock
98754,Pop
98754,Rock
118464,Dance
118464,Memes
118464,Electronic
118464,Pop
57234,Pop
57234,Rap
115743,Pop
108589,Pop
108589,Rock
122542,Easy Listening
122542,Adult Contemporary
122542,Piano
122542,Ballad
122542,Neo Soul
122542,Soul Pop
122542,R&B
122542,Pop
154235,Country
154235,Rock
202955,Pop
90551,Pop
92021,Adult Alternative
92021,Adult Contemporary
92021,Pop
92021,Pop-Rock
92021,Indie Pop
92021,Indie Rock
92021,Folk Rock
92021,Rock
97160,Soul Pop
97160,Piano
97160,Ballad
97160,Adult Contemporary
97160,Roc Nation
97160,Universal
97160,Interscope Records
97160,Def Jam Recordings
97160,R&B
97160,Pop
139968,Dance
139968,Electro-Pop
139968,R&B
139968,Adult Alternative
139968,Adult Contemporary
139968,Funk
139968,Disco
139968,Pop
114153,Alternative
114153,Art Pop
114153,Adult Alternative
114153,Republic Records
114153,New Zealand
114153,Memes
114153,Electro-Pop
114153,Alternative Pop
114153,Pop
92224,Pop-Rock
92224,Dubstep
92224,Electro-Pop
92224,Big Machine Records
92224,Memes
92224,Pop
160600,R&B
160600,Pop
209747,Adult Contemporary
209747,Ballad
209747,Memes
209747,Pop
175844,Pop
175844,Electro House
175844,Adult Alternative
175844,Adult Contemporary
109287,Rap
109287,R&B
109287,Pop
3644860,Rap
177832,Rap
98256,Rap
91948,UK
91948,Electronic
91948,Pop
64894,Electro-Pop
64894,Pop-Rock
64894,Alternative Rock
64894,Industrial Rock
64894,Indie Rock
64894,Electronic Rock
64894,Rock
102390,Progressive House
102390,Dance-Pop
102390,Dance
102390,Pop
102390,Electronic
89794,R&B
89794,Pop
78587,Screen
78587,Soundtrack
78587,Dance
78587,Dance-Pop
78587,Pop
156070,Dance-Pop
156070,Synth-Pop
156070,Rock
113496,Memes
113496,Pop
131712,Florida
131712,Republic Records
131712,R&B
131712,Rap
131712,Pop
113898,Producer 
113898,Toronto
113898,Young Money
113898,Trap
113898,YMCMB
113898,OVO
113898,Canada
113898,Rap
138425,Pop
200546,Young Money
200546,Republic Records
200546,R&B
200546,YMCMB
200546,OVO
200546,Canada
78320,Pop
115843,Rap
203835,Eurodance
203835,Electronic
203835,Pop
78316,Pop
105686,OVO
105686,Canada
105686,YMCMB
105686,Trap
105686,Rap
114854,Adult Alternative
114854,Electronic Rock
114854,Electro-Pop
114854,Pop
114854,Alternative
114854,Alternative Pop
114854,Alternative Rock
114854,Pop-Rock
114854,Punk Rock
114854,Pop-Punk
114854,Rock
77735,Electronic
77735,Dance-Pop
77735,Dance
77735,Canada
77735,Rap
77735,Pop
81672,LGBTQ+
81672,Rap
91686,UK
91686,Pop
91686,Electronic
1837712,Electronic
1837712,Dance
1837712,Pop
150933,Adult Alternative
150933,Adult Contemporary
150933,Pop-Rock
150933,Folk Rock
150933,Folk
150933,American Idol
150933,Pop
150933,Rock
109198,Adult Alternative
109198,Alternative Pop
109198,Alternative Rock
109198,Pop-Rock
109198,Alternative
109198,Indie Rock
109198,Pop
109198,Rock
118063,Roc Nation
118063,Dreamville
118063,Rap
415468,Soul
415468,Soul Pop
415468,Pop
415468,R&B
122475,Pop
78331,Pop
87884,Adult Alternative
87884,Adult Contemporary
87884,Folk
87884,Folk Rock
87884,Pop-Rock
87884,Pop
87884,UK
87884,Rock
100386,Pop
100386,Rock
154239,Country
154239,Rock
88368,English Translation
88368,Translation
88368,Electro-Pop
88368,Pop
88368,YouTube
88368,Memes
88368,K-Pop
88368,Korean
154286,Dance
154286,Electro House
154286,Dance-Pop
154286,Synth-Pop
154286,UK
154286,Pop
154286,Electronic
66704,Pop
66704,Alternative Rock
66704,Alternative Pop
66704,Indie Rock
66704,Indie Pop
66704,Rock
104766,DMV
104766,Atlantic Records
104766,R&B
104766,MMG
104766,Rap
154237,Country
154237,Rock
156344,Folk Rock
156344,Pop-Rock
156344,Rock
109206,Adult Alternative
109206,Adult Contemporary
109206,Alternative Pop
109206,Alternative Rock
109206,Pop-Rock
109206,Alternative
109206,Indie Rock
109206,Pop
109206,Rock
145495,Folk Rock
145495,Rock
145495,Pop
145495,Electro-Pop
145495,Folk
145495,Pop-Rock
92170,Pop
92170,Rap
68718,Pop
68718,Adult Alternative
68718,Adult Contemporary
68718,Pop-Rock
68718,Folk Rock
68718,Folk
68718,Indie Pop
68718,Indie Rock
68718,Indie
68718,Alternative
68718,Alternative Rock
68718,Rock
154542,Dance-Pop
154542,Dance
154542,Pop
154542,R&B
210094,Interscope Records
210094,Aftermath Entertainment
210094,Shady Records
210094,SHADYXV
210094,Detroit
210094,Rap
188773,Pop
154244,Country
97824,Rap
97824,Pop
97824,R&B
102705,Pop-Rock
102705,Dance-Pop
102705,Big Machine Records
102705,Country
102705,Pop
155148,Country
155148,Rock
214369,Memes
214369,Electronic
214369,Dance
214369,Pop
194065,Boy Band
194065,UK
194065,Pop
60449,UK
60449,Pop
71564,Adult Alternative
71564,Adult Contemporary
71564,Folk Rock
71564,Indie Pop
71564,Indie Rock
71564,Rock
2971882,List
2971882,Country
81159,Pop
81159,Conscious Hip-Hop
81159,Aftermath Entertainment
81159,Interscope Records
81159,Compton
81159,Memes
81159,West Coast
81159,TDE
81159,Rap
81159,Producer 
122517,Country
122517,Rock
148751,R&B
148751,Pop
123173,Rock
123173,UK
123173,Rap
123173,Pop
124045,R&B
68713,Pop
68713,Neo Soul
68713,Singer-Songwriter
68713,Trip-Hop
68713,Soul
68713,Soul Pop
68713,R&B
88207,Ireland
88207,Pop-Rock
88207,Philosophy
88207,Pop
88207,Rock
92862,R&B
92862,Pop
122189,Florida
122189,MMG
122189,Epic Records
122189,Universal
122189,Def Jam Recordings
122189,Atlanta
122189,Producer 
122189,Rap
121627,Adult Alternative
121627,Adult Contemporary
121627,Soul Pop
121627,Soul
121627,Pop-Rock
121627,Pop
121627,R&B
121627,Rock
154243,Country
154243,Rock
1086734,Big Machine Records
1086734,Country
110064,Gangsta Rap
110064,Trap
110064,Rap
82339,Country
82339,Rock
154246,Country
154246,Rock
118009,Country
118009,Rock
131258,Rap
204330,Power Pop
204330,Pop-Rock
204330,Pop
204330,Rock
135402,Indie Rock
135402,Indie Pop
135402,Folk Rock
135402,Acoustic
135402,Pop
135402,Folk
156358,Country
156358,Rock
82860,Def Jam Recordings
82860,Hyphy
82860,West Coast
82860,Bay Area
82860,Southern
82860,Atlanta
82860,Rap
135048,Pop-Rock
135048,Pop
135048,Rock
154031,Funk-Pop
154031,Funk
154031,Adult Alternative
154031,Adult Contemporary
154031,Screen
154031,Soundtrack
154031,Soul Pop
154031,R&B
154031,Pop
219361,Trap
219361,Rap
219361,Producer 
219361,Pop
200930,Piano
200930,Easy Listening
200930,Adult Contemporary
200930,Soul Pop
200930,Soul
200930,Ballad
200930,Pop
200930,R&B
200930,G.O.O.D. Music
352612,Hyphy
352612,Electronic
352612,UK Rap
352612,UK
352612,Australia
352612,Electro-Hop
352612,Def Jam Recordings
352612,ICB X Def Jam
352612,Pop
352612,Rap
145495,Folk Rock
145495,Rock
145495,Pop
145495,Electro-Pop
145495,Folk
145495,Pop-Rock
194687,Pop
194687,R&B
194687,Rap
380162,RCA
380162,Canada
380162,Reggae
380162,Pop
471152,Epic Records
471152,Pop
405888,Australia
405888,Detroit
405888,Screen
405888,Producer 
405888,Republic Records
405888,Southern
405888,Florida
405888,Dance-Pop
405888,R&B
405888,Rap
405888,Pop
387414,Adult Alternative
387414,Adult Contemporary
387414,Soul Pop
387414,Blue-Eyed Soul
387414,Ballad
387414,Soul
387414,UK
387414,Pop
235765,Pop
235765,Rap
133381,Pop-Rock
133381,Rock
133381,Adult Contemporary
133381,Adult Alternative
133381,Alternative Rock
133381,Indie Pop
133381,Indie Rock
133381,Pop
133381,Alternative Pop
499725,Big Machine Records
499725,Dance-Pop
499725,Pop
139579,Afrobeats
139579,Pop
642844,Pop
642844,Rap
235732,Shady Records
235732,Interscope Records
235732,SHADYXV
235732,Aftermath Entertainment
235732,Detroit
235732,Pop
235732,Rap
217372,Alternative
217372,Dream-Pop
217372,Alternative Pop
217372,New Zealand
217372,Soundtrack
217372,Adult Alternative
217372,Republic Records
217372,Indie Pop
217372,Electro-Pop
217372,Pop
135402,Indie Rock
135402,Indie Pop
135402,Folk Rock
135402,Acoustic
135402,Pop
135402,Folk
114153,Alternative
114153,Art Pop
114153,Adult Alternative
114153,Republic Records
114153,New Zealand
114153,Memes
114153,Electro-Pop
114153,Alternative Pop
114153,Pop
352918,Memes
352918,Soundtrack
352918,Pop
352918,Disney
175844,Pop
175844,Electro House
175844,Adult Alternative
175844,Adult Contemporary
109206,Adult Alternative
109206,Adult Contemporary
109206,Alternative Pop
109206,Alternative Rock
109206,Pop-Rock
109206,Alternative
109206,Indie Rock
109206,Pop
109206,Rock
245655,Folk Rock
245655,Folk
245655,Boy Band
245655,UK
245655,Pop
378195,Adult Contemporary
378195,Ballad
378195,Reggae
378195,R&B
378195,Electro-Pop
378195,Pop
406511,Australia
406511,UK
406511,West London
406511,Def Jam Recordings
406511,Pop
406511,Rap
486355,UK
486355,Pop
486355,Rap
133531,Electronic
133531,Pop
452357,Adult Contemporary
452357,Adult Alternative
452357,Pop-Rock
452357,Pop
386111,Electro
386111,New Orleans
386111,RCA
386111,Republic Records
386111,Young Money
386111,YMCMB
386111,R&B
386111,Rap
284825,Adult Alternative
284825,Adult Contemporary
284825,Pop-Rock
284825,Alternative Rock
284825,Rock
284825,Indie Pop
284825,Indie Rock
284825,Pop
382949,Electro-Pop
382949,Synth-Pop
382949,Pop
383318,UK
383318,Electronic
383318,Pop
402853,Electro-Pop
402853,Soundtrack
402853,Atlantic Records
402853,Screen
402853,UK
402853,Pop
299177,R&B
299177,Pop
483960,Memes
483960,Pinkprint
483960,Rap
483960,Pop
483960,Producer 
483960,YMCMB
468078,Electro-Pop
468078,Dance
468078,Pop
376011,Electro House
376011,Dance-Pop
376011,Electro-Pop
376011,En Español
376011,Pop
376011,Latin Pop
183325,UK
183325,Electro-Pop
183325,Synth-Pop
183325,Pop
403545,Pop
403545,Rap
292916,Electro-Pop
292916,Deep House
292916,Eurodance
292916,Dance-Pop
292916,Classical Crossover
292916,UK
292916,Atlantic Records
292916,Synth-Pop
292916,Baroque Pop
292916,Electronic
292916,House
292916,Pop
430538,Def Jam Recordings
430538,R&B
430538,ICB X Def Jam
430538,Rap
214058,R&B
214058,Rap
209747,Adult Contemporary
209747,Ballad
209747,Memes
209747,Pop
224519,R&B
224519,Pop
202955,Pop
153803,Adult Alternative
153803,Adult Contemporary
153803,Alternative Rock
153803,Funk Rock
153803,Pop-Rock
153803,Pop
153803,Rock
245249,Adult Alternative
245249,Soul Pop
245249,Soul
245249,Pop
245249,R&B
181634,Pop
181634,Rap
387508,UK
387508,Electronic Rock
387508,Alternative Rock
387508,Alternative
387508,Electronic
387508,Rock
403031,R&B
403031,Rap
403031,UK
403031,Pop
322351,Atlantic Records
322351,R&B
673008,Deutscher Rap
673008,Deutschland
673008,Rap
200546,Young Money
200546,Republic Records
200546,R&B
200546,YMCMB
200546,OVO
200546,Canada
397946,Funk
397946,Atlantic Records
397946,R&B
397946,UK
397946,Pop
98754,Industrial
98754,Adult Alternative
98754,Dubstep
98754,Alternative Pop
98754,Alternative Rock
98754,Pop-Rock
98754,Alternative
98754,Electronic Rock
98754,Pop
98754,Rock
1854993,Trap
1854993,Rap
356793,Pop
356793,Rock
201933,Electro House
201933,Pop
201933,Dance
220968,Pop
220968,R&B
502834,Adult Contemporary
502834,Adult Alternative
502834,Pop-Rock
502834,Pop
491783,Country
398162,Country
338701,R&B
338701,Rap
476179,Country
476179,Rock
404326,Gaming
404326,Adult Contemporary
404326,Pop-Rock
404326,Pop
404326,Rock
404326,Soul
389675,Country
411878,R&B
411878,Pop
398012,Pop
410026,Republic Records
410026,Memes
410026,Spinnin' Records
410026,House
410026,Electronic
410026,Pop
440618,YSL
440618,YMCMB
440618,Atlanta
440618,300 Entertainment
440618,Rap
460244,Country
460244,Rock
204330,Power Pop
204330,Pop-Rock
204330,Pop
204330,Rock
109177,Adult Alternative
109177,Pop-Rock
109177,Indie Rock
109177,Pop
109177,Indie
109177,Alternative Rock
109177,Rock
491794,Rock
491794,Country
374937,R&B
374937,Rap
467036,Non-Music
467036,Fanfiction
467036,Literature
444231,Country
239152,Disco
239152,Pop
491790,Country
153223,Electronic
153223,R&B
153223,UK
153223,Pop
131845,R&B
131845,Pop
237963,R&B
237963,Electro-Pop
237963,Pop
338533,Pop-Rock
338533,Ska
338533,Pop
460168,Australia
460168,Punk Rock
460168,Pop-Rock
460168,Pop
460168,Rock
449654,Columbia Records
449654,Grand Hustle
449654,Southern
449654,Atlanta
449654,West Coast
449654,Rap
390244,Rock
390244,Alternative Rock
419570,Trap
419570,New Orleans
419570,Republic Records
419570,Young Money
419570,Toronto
419570,Canada
419570,YMCMB
419570,OVO
419570,Producer 
419570,Rap
209461,Rap
460937,Country
460937,R&B
460937,Rock
91233,West Coast
91233,Interscope Records
91233,Universal
91233,TDE
91233,Rap
369417,Australia
369417,Punk Rock
369417,Pop-Rock
369417,Pop
369417,Rock
216074,OWSLA
216074,Electronic
216074,Pop
299325,R&B
299325,Pop
361656,West Coast
361656,TDE
361656,Rap
156640,Canada
156640,YMCMB
156640,OVO
156640,Producer 
156640,Rap
554364,Country
230455,Pop
576123,Memes
576123,Funk
576123,Pop
576123,R&B
437103,Soul
437103,UK
437103,Pop
720401,Pop
720401,Memorial
720401,Soundtrack
720401,Rap
496445,Memes
496445,Remy Boyz 1738
496445,R&B
496445,New Jersey
496445,Atlantic Records
496445,Rap
496445,Trap
496445,300 Entertainment
508933,Adult Alternative
508933,Adult Contemporary
508933,Pop-Rock
508933,Rock
508933,Pop
474036,Adult Contemporary
474036,Pop-Rock
474036,Adult Alternative
474036,Electro-Pop
474036,Alternative
474036,Indie Pop
474036,Indie Rock
474036,Pop
474036,Alternative Pop
474036,Alternative Rock
474036,Rock
542389,Synth-Pop
542389,Electro-Pop
542389,Pop
1743010,Pop
1743010,Rap
2386385,Country
2386385,Rock
2386385,Pop
2386385,R&B
2386385,Rap
727466,Republic Records
727466,Toronto
727466,PBR&B
727466,XO
727466,Canada
727466,Pop
727466,R&B
1856610,Pop
729458,XO
729458,Canada
729458,Pop
729458,R&B
665379,UK
665379,Soundtrack
665379,Screen
665379,Pop
226866,Blues
226866,Gospel
226866,Piano
226866,Ireland
226866,Singer-Songwriter
226866,Indie
226866,Folk Rock
226866,Blues Rock
226866,Alternative
226866,Rock
226866,Adult Alternative
226866,Indie Rock
226866,Adult Contemporary
226866,Alternative Rock
226866,Soul
226866,LGBTQ+
551262,Electro-Hop
551262,Electro-Pop
551262,Beef
551262,Big Machine Records
551262,Pop
720259,Pop
720259,R&B
499725,Big Machine Records
499725,Dance-Pop
499725,Pop
2254724,Pop
2254724,Dance
2254724,R&B
2254724,Rock
2254724,Rap
591746,Columbia Records
591746,Power Pop
591746,Pop
696428,New Jersey
696428,Remy Boyz 1738
696428,Atlantic Records
696428,300 Entertainment
696428,R&B
696428,Trap
696428,Rap
548094,Bubblegum Pop
548094,Epic Records
548094,Pop
669122,R&B
669122,Dance-Pop
669122,Soundtrack
669122,Girl Group
669122,Rap
669122,Pop
573451,ARTium Records
573451,MMG
573451,Rap
573451,Memes
573451,R&B
491416,Rock
491416,Pop
336227,Adult Alternative
336227,Adult Contemporary
336227,Blue-Eyed Soul
336227,Soul
336227,Soul Pop
336227,Ballad
336227,Pop-Rock
336227,UK
336227,Pop
2129514,Rap
2129514,Pop
471152,Epic Records
471152,Pop
542390,Pop-Rock
542390,Big Machine Records
542390,Funk-Pop
542390,Disco
542390,Pop
2263723,Producer 
2263723,YMCMB
2263723,Toronto
2263723,Pop
2263723,R&B
2263723,Memes
2263723,OVO
2263723,Young Money
2263723,Republic Records
2263723,Canada
554208,Pop
554208,Electronic Trap
554208,Electronic
554208,Rap
503256,Rap
2286779,Canada
2286779,Tropical House
2286779,Electro-Pop
2286779,Electronic
2286779,Pop
451776,Acoustic
451776,Folk
451776,UK
451776,Pop
2332455,Adult Alternative
2332455,Adult Contemporary
2332455,Ballad
2332455,Piano
2332455,Soul
2332455,Memes
2332455,UK
2332455,Pop
724693,Pop
518089,Electro-Pop
518089,Synth-Pop
518089,Pop
517537,Pop
517537,R&B
579177,Pop
579177,Rap
2156106,R&B
2156106,Rap
2156106,Pop
655148,Electro-Pop
655148,Pop
655148,R&B
690706,Universal
690706,Roc Nation
690706,G.O.O.D. Music
690706,Acoustic
690706,Capitol Records
690706,Def Jam Recordings
690706,Folk
690706,Soul Pop
690706,Pop
515319,Punk Rock
515319,Alternative Pop
515319,Alternative
515319,Island Records
515319,Alternative Rock
515319,Pop-Rock
515319,Pop-Punk
515319,Pop
515319,Rock
653082,Memes
653082,Remy Boyz 1738
653082,Atlantic Records
653082,300 Entertainment
653082,New Jersey
653082,R&B
653082,Trap
653082,Rap
547828,Country
502834,Adult Contemporary
502834,Adult Alternative
502834,Pop-Rock
502834,Pop
3289243,Reggae
3289243,Rap
658724,Atlanta
658724,Rap
731073,Memes
731073,300 Entertainment
731073,Rap
555359,Canada
555359,East Coast
555359,Southern
555359,New Orleans
555359,New York
555359,Toronto
555359,Young Money
555359,OVO
555359,Trap
555359,Pinkprint
555359,YMCMB
555359,Rap
2843978,Pop
2158461,Pop
1779228,Adult Alternative
1779228,Alternative Rock
1779228,Pop-Rock
1779228,Indie Rock
1779228,Rock
461944,R&B
461944,Rap
1783529,Non-Music
551256,Big Machine Records
551256,Dream-Pop
551256,Pop
387414,Adult Alternative
387414,Adult Contemporary
387414,Soul Pop
387414,Blue-Eyed Soul
387414,Ballad
387414,Soul
387414,UK
387414,Pop
663713,Electronic Rock
663713,Electro-Pop
663713,Electronic
663713,Punk Rock
663713,Alternative Pop
663713,Alternative
663713,Fueled By Ramen
663713,Island Records
663713,Alternative Rock
663713,Pop-Rock
663713,Pop-Punk
663713,Pop
663713,Rock
587286,Pop
587286,R&B
570363,R&B
570363,Pop
547812,Capitol Nashville
547812,Ballad
547812,Country
547812,Rock
671181,R&B
2268553,Rock
2268553,Pop-Rock
2268553,Boy Band
2268553,UK
2268553,Pop
622818,YMCMB
622818,Canada
622818,OVO
622818,Republic Records
622818,Young Money
622818,Electro-Hop
622818,House
622818,Pinkprint
622818,Producer 
622818,Rap
500846,UK
500846,Pop
484112,Pop
2153759,R&B
2153759,Rap
507478,Rap
245054,Australia
245054,Singer-Songwriter
245054,Contemporary Folk
245054,Adult Alternative
245054,Adult Contemporary
245054,Folk
245054,Alternative
245054,Alternative Rock
245054,Indie Rock
245054,Pop
245054,Folk Rock
245054,Indie Pop
245054,Rock
709741,R&B
720473,Adult Contemporary
720473,Adult Alternative
720473,Blues Rock
720473,Alternative Country
720473,Alternative Rock
720473,Pop-Rock
720473,Rock
720473,Pop
720473,Country
513887,Epic Records
513887,Pop
706298,Atlantic Records
706298,Pop
527546,Epic Records
527546,Pop
382949,Electro-Pop
382949,Synth-Pop
382949,Pop
115612,Soundtrack
115612,Folk
115612,Pop
115612,Screen
115612,Literature
539654,Trap
539654,Memes
539654,Rap
486355,UK
486355,Pop
486355,Rap
183538,UK
183538,Pop
2303965,Rap
2263487,Rap
2291611,Funk
2291611,Pop
2291611,Rap
547829,Country
640182,Rap
1863307,Country
693878,Young Money
693878,YMCMB
693878,OVO
693878,Canada
693878,Detroit
693878,Chicago
693878,G.O.O.D. Music
693878,Trap
693878,Rap
344880,Rock
344880,Folk Rock
344880,Indie
344880,UK
344880,Pop
344880,Folk
378195,Adult Contemporary
378195,Ballad
378195,Reggae
378195,R&B
378195,Electro-Pop
378195,Pop
668175,Pop
403031,R&B
403031,Rap
403031,UK
403031,Pop
437873,Pop
1778100,Def Jam Recordings
1778100,EP Entertainment
1778100,Producer 
1778100,Pop
1778100,R&B
145970,Pop
2295118,Reggaeton
2295118,En Español
2295118,Latin Music
2295118,Latin Pop
2295118,Pop
515728,R&B
515728,Rap
567753,Boy Band
567753,UK
567753,Pop
2266961,YMCMB
2266961,Young Money
2266961,Canada
2266961,Toronto
2266961,Producer 
2266961,Trap
2266961,Beef
2266961,OVO
2266961,Rap
2158086,Deep House
2158086,Electronic
2158086,UK
2158086,Pop
2342329,UK
2342329,Canada
2342329,Pop
2323822,Canada
2323822,Tropical House
2323822,Electro-Pop
2323822,Electronic
2323822,Pop
2450584,Afrobeats
2450584,Toronto
2450584,YMCMB
2450584,Pop
2450584,Rap
2450584,R&B
2450584,Young Money
2450584,Republic Records
2450584,Dancehall
2450584,Canada
2450584,OVO
2398213,Producer 
2398213,YMCMB
2398213,Young Money
2398213,Ragga
2398213,Toronto
2398213,Memes
2398213,R&B
2398213,OVO
2398213,Dancehall
2398213,Canada
2398213,Roc Nation
2398213,Pop
725791,Adult Alternative
725791,Alternative Pop
725791,Alternative
725791,Alternative Rock
725791,Fueled By Ramen
725791,Rap
725791,Pop
2400811,Producer 
2400811,East Coast
2400811,New York
2400811,Brooklyn
2400811,Trap
2400811,Memes
2400811,Rap
2332455,Adult Alternative
2332455,Adult Contemporary
2332455,Ballad
2332455,Piano
2332455,Soul
2332455,Memes
2332455,UK
2332455,Pop
2416822,Electronic Trap
2416822,Electronic
2416822,Pop
2467204,Screen
2467204,Pop
2467204,R&B
2458848,Columbia Records
2458848,Dance
2458848,Electronic
2458848,Pop
2391084,Australia
2391084,Pop
2137711,Adult Alternative
2137711,Adult Contemporary
2137711,Warner Bros.
2137711,Piano
2137711,Memes
2137711,Scandinavia
2137711,Denmark
2137711,Pop
2413890,Roc Nation
2413890,Pop
2413890,R&B
725393,Pop
725393,Rap
749821,Singer-Songwriter
749821,Adult Alternative
749821,Pop-Rock
749821,Acoustic
749821,Pop
2427392,Trap
2427392,Tropical House
2427392,R&B
2427392,Girl Group
2427392,Pop
2463453,Roc Nation
2463453,Electro House
2463453,House
2463453,Electro-Pop
2463453,Memes
2463453,Electronic
2463453,Dance-Pop
2463453,Dance
2463453,Pop
2306268,Pop-Rock
2306268,Pop
2405938,Country
2405938,Rock
2405938,Pop
2405938,Rap
725792,Soundtrack
725792,Adult Alternative
725792,Alternative Pop
725792,Indie Rock
725792,Alternative Rock
725792,Fueled By Ramen
725792,Indie Pop
725792,Electro-Pop
725792,Reggae
725792,Pop
2532266,Fueled By Ramen
2532266,Electronic Rock
2532266,Movie
2532266,Alternative Rock
2532266,Indie Rap
2532266,Rap
2532266,Pop
2532266,Electro-Pop
2532266,Soundtrack
2532266,Screen
2414425,RCA
2414425,PBR&B
2414425,R&B
2414425,UK
2414425,Pop
724693,Pop
2263723,Producer 
2263723,YMCMB
2263723,Toronto
2263723,Pop
2263723,R&B
2263723,Memes
2263723,OVO
2263723,Young Money
2263723,Republic Records
2263723,Canada
2481759,Scandipop
2481759,Scandinavia
2481759,Electro-Pop
2481759,Electro
2481759,Electronic
2481759,Denmark
2481759,Dancehall
2481759,Canada
2481759,Pop
2336620,R&B
2336620,Adult Alternative
2336620,Adult Contemporary
2336620,Pop-Rock
2336620,UK
2336620,Pop
2138429,Dance-Pop
2138429,Columbia Records
2138429,Dance
2138429,Electro-Pop
2138429,Electronic
2138429,Pop
2478138,Canada
2478138,Pop
2463402,Dancehall
2463402,OVO
2463402,Canada
2463402,Rap
2396302,Atlanta
2396302,XO
2396302,Trap
2396302,Canada
2396302,Rap
2396302,R&B
2286779,Canada
2286779,Tropical House
2286779,Electro-Pop
2286779,Electronic
2286779,Pop
727466,Republic Records
727466,Toronto
727466,PBR&B
727466,XO
727466,Canada
727466,Pop
727466,R&B
2450339,Pop
2451433,Atlanta
2451433,Quality Control Music
2451433,Atlantic Records
2451433,Cloud Rap
2451433,Motown
2451433,Capitol Records
2451433,Trap
2451433,Weed
2451433,Rap
579968,Boom Bap
579968,Singer-Songwriter
579968,RCA
579968,Dark Pop
579968,Soul Pop
579968,Hardcore Hip-Hop
579968,Pop
579968,Dancehall
579968,Soul
579968,Conscious Hip-Hop
579968,Rap
579968,Trap
579968,PBR&B
579968,R&B
2429192,Pop-Rock
2429192,Pop
2429192,R&B
2311373,Trap
2311373,Canada
2311373,Toronto
2311373,Southern
2311373,Atlanta
2311373,YMCMB
2311373,Memes
2311373,Young Money
2311373,Epic Records
2311373,Republic Records
2311373,OVO
2311373,Rap
2263909,Piano
2263909,Hip-Hop
2263909,R&B
2263909,Rap
2263909,Pop
1778100,Def Jam Recordings
1778100,EP Entertainment
1778100,Producer 
1778100,Pop
1778100,R&B
2275953,Pop
2464123,Young Money
2464123,Jamaica
2464123,Toronto
2464123,Ragga
2464123,Dancehall
2464123,Canada
2464123,OVO
2464123,Rap
527546,Epic Records
527546,Pop
2276633,Atlantic Records
2276633,Pop
510898,Ballad
510898,Soul Pop
510898,Alternative
510898,Adult Alternative
510898,Adult Contemporary
510898,Pop-Rock
510898,Pop
510898,Rock
2416274,Memes
2416274,Pop
2303144,Sweden
2303144,Dance
2303144,Electro-Pop
2303144,Epic Records
2303144,Scandinavia
2303144,UK
2303144,Pop
2819412,Electro-Pop
2819412,Tropical House
2819412,Canada
2819412,Electronic
2819412,Pop
2332450,Rap
2463784,Country
2388373,Atlantic Records
2388373,Pop
2465219,Electro-Pop
2465219,Pop
2141601,Glitch
2141601,Electro-Pop
2141601,Electronic
2141601,Pop
2312297,Boom Bap
2312297,Singer-Songwriter
2312297,RCA
2312297,Dark Pop
2312297,Soul Pop
2312297,Hardcore Hip-Hop
2312297,Conscious Hip-Hop
2312297,Pop
2312297,Dancehall
2312297,Soul
2312297,Trap
2312297,Rap
2312297,R&B
696428,New Jersey
696428,Remy Boyz 1738
696428,Atlantic Records
696428,300 Entertainment
696428,R&B
696428,Trap
696428,Rap
2342690,Def Jam Recordings
2342690,Chicago
2342690,R&B
2296914,Pop
2348651,Memes
2348651,Trap
2348651,Rap
2851948,R&B
2851948,Electro-Pop
2851948,XO
2851948,Pop
2486863,YMCMB
2486863,Young Money
2486863,Toronto
2486863,Epic Records
2486863,Roc Nation
2486863,R&B
2486863,Canada
2486863,OVO
2486863,Rap
2407925,Future Bass
2407925,Australia
2407925,Dance
2407925,Electronic
2407925,Pop
729457,XO
729457,Canada
729457,Pop
729457,R&B
2451389,Pop
720473,Adult Contemporary
720473,Adult Alternative
720473,Blues Rock
720473,Alternative Country
720473,Alternative Rock
720473,Pop-Rock
720473,Rock
720473,Pop
720473,Country
2275254,Big Machine Records
2275254,Country
698675,Republic Records
698675,Cloud Rap
698675,Trap
698675,Memes
698675,Sports 
698675,Rap
2440418,Pop
363729,Adult Alternative
363729,Alternative Rock
363729,Indie Rock
363729,Soundtrack
363729,Pop
363729,Rock
2866448,Screen
2866448,Soundtrack
2866448,Tracklist + Album Art
2866448,Non-Music
2311139,Rap
2494666,Toronto
2494666,Canada
2494666,Rap
2494666,R&B
2461226,Columbia Records
2461226,R&B
2461226,Pop
729458,XO
729458,Canada
729458,Pop
729458,R&B
2353271,UK
2353271,Pop
2353271,Rock
2263139,Rap
2263139,Toronto
2263139,Canada
2263139,R&B
2145913,Epic Records
2145913,G.O.O.D. Music
2145913,Grand Hustle
2145913,Houston
2145913,Memes
2145913,Rap
697785,Ballad
697785,Pop
2457495,Florida
2457495,Republic Records
2457495,Reggae
2457495,Rap
2457495,Pop
2374092,Pop
551256,Big Machine Records
551256,Dream-Pop
551256,Pop
2331497,Gaming
2331497,Soundtrack
2331497,Electronic
2331497,Pop
2308425,Gaming
2308425,Soundtrack
2308425,Pop
2453520,YMCMB
2453520,Young Money
2453520,Remix
2453520,Trap
2453520,Toronto
2453520,Canada
2453520,OVO
2453520,Rap
2336628,Piano
2336628,Ballad
2336628,Soul
2336628,UK
2336628,Pop
2285158,Electro-Pop
2285158,Pop
2372894,Pop
1743010,Pop
1743010,Rap
2348570,R&B
2494028,RCA
2494028,Trap
2494028,Atlanta
2494028,R&B
2494028,Rap
2295548,Rap
2323316,Rap
2458387,Tropical House
2458387,Trap
2458387,Reggae
2458387,Girl Group
2458387,Rap
2458387,Pop
2607518,Dance
2607518,Electronic
2607518,Pop
2349494,Dance-Pop
2349494,Disco
2349494,Pop
2349494,Rock
2344613,Country
2408611,Epic Records
2408611,Trap
2408611,Atlanta
2408611,Memes
2408611,Rap
2746924,Def Jam Recordings
2746924,New York
2746924,Brooklyn
2746924,Horrorcore
2746924,Trap
2746924,G.O.O.D. Music
2746924,Rap
720401,Pop
720401,Memorial
720401,Soundtrack
720401,Rap
2326335,Boy Band
2326335,UK
2326335,Pop
2949128,Atlantic Records
2949128,Tropical House
2949128,Dancehall
2949128,Pop
2949128,UK
2909160,Funk
2909160,R&B
2909160,Pop
3039923,Producer 
3039923,Conscious Hip-Hop
3039923,Atlanta
3039923,Pop
3039923,Trap
3039923,Aftermath Entertainment
3039923,Interscope Records
3039923,West Coast
3039923,Compton
3039923,TDE
3039923,Rap
2998843,Adult Alternative
2998843,Alternative Rock
2998843,Electronic Rock
2998843,Columbia Records
2998843,UK
2998843,East Coast
2998843,New York
2998843,Electro-Pop
2998843,Electronic
2998843,Dance
2998843,Pop
2845980,Quality Control Music
2845980,Atlantic Records
2845980,300 Entertainment
2845980,Memes
2845980,Trap
2845980,Atlanta
2845980,Rap
2458848,Columbia Records
2458848,Dance
2458848,Electronic
2458848,Pop
2966121,Pop Country
2966121,Pop
2966121,Country
2970719,Alternative Pop
2970719,Alternative Rock
2970719,Rock
2970719,Pop-Rock
2970719,Alternative
2970719,Adult Alternative
2970719,Electro-Pop
2970719,Pop
2865735,Quality Control Music
2865735,Republic Records
2865735,Atlanta
2865735,Rap
2849861,UK
2849861,Pop
3004837,New Orleans
3004837,Chicago
3004837,Southern
3004837,Atlanta
3004837,Canada
3004837,Pop
3004837,YMCMB
3004837,Quality Control Music
3004837,Summer
3004837,SAVEMONEY
3004837,Roc Nation
3004837,Young Money
3004837,Epic Records
3004837,Trip-Hop
3004837,R&B
3004837,Rap
3003630,Emo Rap
3003630,Memes
3003630,Warner Bros.
3003630,Atlantic Records
3003630,Alternative
3003630,PBR&B
3003630,Trap
3003630,Rap
2989266,Memes
2989266,Rap
2989266,Epic Records
2989266,Atlanta
2989266,Trap
2904574,Afrobeats
2904574,Bad Boy Records
2904574,Epic Records
2904574,Dancehall
2904574,Rap
2872960,Funk-Pop
2872960,Funk
2872960,Pop
2975362,Electronic
2975362,Dance
2975362,Pop
3114474,Cloud Rap
3114474,Dancehall
3114474,Roc Nation
3114474,Soul
3114474,Epic Records
3114474,Pop
3114474,Rap
3114474,R&B
2819932,Hip-Hop
2819932,Dirty South
2819932,Southern
2819932,Interscope Records
2819932,Memes
2819932,Producer 
2819932,Trap
2819932,Atlanta
2819932,Rap
2851948,R&B
2851948,Electro-Pop
2851948,XO
2851948,Pop
2471323,RCA
2471323,R&B
3060662,Adult Contemporary
3060662,Soul Pop
3060662,Pop-Rock
3060662,Producer 
3060662,Pop
3051803,Latin Pop
3051803,Dance
3051803,Alternative Pop
3051803,Pop-Rock
3051803,Canada
3051803,Pop
3095483,New York
3095483,Bronx
3095483,Atlantic Records
3095483,Trap
3095483,Rap
2905167,Neo Soul
2905167,Memes
2905167,Neo-Psychedelia
2905167,Soul
2905167,R&B
2933552,Non-Music
2933552,Playlist
2933552,List
3051617,Non-Music
2922155,Quality Control Music
2922155,Atlantic Records
2922155,Pop
2922155,Trap
2922155,Atlanta
2922155,Rap
2942605,Pop
2104392,EP Entertainment
2104392,Def Jam Recordings
2104392,Pop
3070591,Ireland
3070591,Pop
2378935,Doo-Wop
2378935,Roc Nation
2378935,Pop
2378935,R&B
2909921,House
2909921,R&B
2909921,Electro-Pop
2909921,XO
2909921,Pop
2893922,Universal
2893922,Chicago
2893922,Trap
2893922,Detroit
2893922,Def Jam Recordings
2893922,G.O.O.D. Music
2893922,Rap
3079084,Rap
3079084,UK
3079084,Pop
2890553,Trap
2890553,Toronto
2890553,R&B
2890553,Canada
2890553,OVO
2890553,Rap
2851057,Interscope Records
2851057,TDE
2851057,Rap
2851057,Pop
3210592,Big Machine Records
3210592,Beef
3210592,Dance-Pop
3210592,Alternative Pop
3210592,Electro-Pop
3210592,Pop
2949338,Adult Alternative
2949338,Adult Contemporary
2949338,Pop-Rock
2949338,Folk Rock
2949338,Folk
2949338,UK
2949338,Pop
3266991,Non-Music
2944779,Dance
2944779,Electronic
2944779,Pop
2457495,Florida
2457495,Republic Records
2457495,Reggae
2457495,Rap
2457495,Pop
2880960,Warner Bros.
2880960,Atlantic Records
2880960,Tropical House
2880960,Electronic
2880960,Pop
3008446,Adult Contemporary
3008446,Alternative Dance
3008446,Electronic Rock
3008446,Adult Alternative
3008446,Pop
3008446,Pop-Rock
3008446,Funk Rock
3008446,Electronic
3008446,Indie Rock
3008446,Alternative Pop
3008446,Alternative Rock
3008446,Indie Pop
3008446,Rock
2819412,Electro-Pop
2819412,Tropical House
2819412,Canada
2819412,Electronic
2819412,Pop
3139343,R&B
3139343,Pop
3138854,Memes
3138854,Epic Records
3138854,Trap
3138854,Rap
2467204,Screen
2467204,Pop
2467204,R&B
3106596,French Pop
3106596,Pop
3106596,En Español
3106596,Latin Music
3106596,Reggaeton
3044373,Synth-Pop
3044373,Adult Alternative
3044373,Electronic Rock
3044373,Electro-Pop
3044373,Alternative Dance
3044373,Dance-Pop
3044373,Indie Rock
3044373,Alternative Pop
3044373,Alternative
3044373,Pop
3044373,Pop-Rock
3044373,Alternative Rock
3044373,Rock
2948140,Memes
2948140,Southern
2948140,Quality Control Music
2948140,300 Entertainment
2948140,Trap
2948140,Atlanta
2948140,Rap
3105241,Trap
3105241,Young Money
3105241,YMCMB
3105241,Rap
2811214,Canada
2811214,Pop
2939983,Atlantic Records
2939983,Producer 
2939983,Southern
2939983,Florida
2939983,Trap
2939983,Rap
2942139,Rap
2942139,Atlanta
2942139,Republic Records
2942139,Trap
2940765,Country
2532266,Fueled By Ramen
2532266,Electronic Rock
2532266,Movie
2532266,Alternative Rock
2532266,Indie Rap
2532266,Rap
2532266,Pop
2532266,Electro-Pop
2532266,Soundtrack
2532266,Screen
2974582,Alternative Pop
2974582,Alternative
2974582,Pop
2974582,R&B
2974582,Electronic
2436402,Rap
2959263,Detroit
2959263,Memes
2959263,Dance
2959263,Rap
3035222,Politics
3035222,Pop
3035222,Producer 
3035222,News 
3035222,Conscious Hip-Hop
3035222,Atlanta
3035222,Trap
3035222,Compton
3035222,West Coast
3035222,TDE
3035222,Interscope Records
3035222,Aftermath Entertainment
3035222,Rap
2855384,Memes
2855384,Dance
2855384,Rap
2457826,Trap
2457826,Rap
3028662,Young Money
3028662,Republic Records
3028662,Pop
3028662,Dancehall
3028662,Tropical House
3028662,Toronto
3028662,Canada
3028662,OVO
3028662,R&B
3047135,Pop
3047135,Producer 
3047135,Conscious Hip-Hop
3047135,R&B
3047135,Trap
3047135,Roc Nation
3047135,Aftermath Entertainment
3047135,Interscope Records
3047135,TDE
3047135,West Coast
3047135,Compton
3047135,Rap
3139340,Adult Contemporary
3139340,RCA
3139340,Piano
3139340,Soul Pop
3139340,Soul
3139340,Ballad
3139340,Power Pop
3139340,Alternative Pop
3139340,Pop
2849767,Memes
2849767,Aftermath Entertainment
2849767,G.O.O.D. Music
2849767,Grand Hustle
2849767,Epic Records
2849767,Trap
2849767,TDE
2849767,Rap
2949528,Rap
2949528,Pop
2451433,Atlanta
2451433,Quality Control Music
2451433,Atlantic Records
2451433,Cloud Rap
2451433,Motown
2451433,Capitol Records
2451433,Trap
2451433,Weed
2451433,Rap
2997826,Quality Control Music
2997826,Nu Disco
2997826,Columbia Records
2997826,Odd Future
2997826,Dance
2997826,Electronic
2997826,Atlanta
2997826,R&B
2997826,Rap
2997826,Pop
2923973,Country
2977709,Disco
2977709,Dancehall
2977709,Pop
3120234,G.O.O.D. Music
3120234,Columbia Records
3120234,Atlanta
3120234,Dance
3120234,Rap
3120234,Pop
749215,Electro-Pop
749215,Alternative Pop
749215,Alternative Dance
749215,Dance
749215,Pop
2568773,Country
3219597,Adult Contemporary
3219597,R&B
3219597,Soul Pop
3219597,Orchestral
3219597,Capitol Records
3219597,Soul
3219597,Ballad
3219597,UK
3219597,Pop
2988428,RCA
2988428,R&B
3029830,Southern
3029830,Interscope Records
3029830,Trap
3029830,Atlanta
3029830,Memes
3029830,Rap
2920194,G.O.O.D. Music
2920194,Trap
2920194,Houston
2920194,Grand Hustle
2920194,RCA
2920194,TDE
2920194,Rap
2920194,R&B
2986968,Trap
2986968,New York
2986968,Florida
2986968,Rap
2607518,Dance
2607518,Electronic
2607518,Pop
2933001,Trap
2933001,OVO
2933001,Canada
2933001,Atlanta
2933001,Rap
3168145,Electro-Pop
3168145,Pop
2945277,Dance
2945277,Rap
2945277,Pop
2955272,Quality Control Music
2955272,Warner Bros.
2955272,Memes
2955272,Atlantic Records
2955272,300 Entertainment
2955272,Atlanta
2955272,Rap
3040789,Ballad
3040789,Piano
3040789,Alternative Pop
3040789,Pop-Rock
3040789,UK
3040789,Pop
2336631,Brit Pop
2336631,Adult Alternative
2336631,Adult Contemporary
2336631,Ballad
2336631,Disco
2336631,Tropical House
2336631,Trip-Hop
2336631,UK
2336631,Pop
3075800,Pop-Rock
3075800,Pop
2433932,Electronic
2433932,Electro-Pop
2433932,Pop
3035133,Dance
3035133,Pop
2478138,Canada
2478138,Pop
3200747,Quality Control Music
3200747,Atlantic Records
3200747,Atlanta
3200747,Trap
3200747,Rap
3043570,Country
2933130,Atlanta
2933130,Trap
2933130,Rap
2992529,Tropical House
2992529,Atlanta
2992529,R&B
2992529,Cuba
2992529,Epic Records
2992529,300 Entertainment
2992529,Latin Music
2992529,Trap
2992529,YSL
2992529,Rap
2992529,Latin Pop
2992529,Pop
3212901,Funk
3212901,R&B
3212901,Universal
3212901,RCA
3212901,Interscope Records
3212901,TDE
3212901,Pop
3027501,R&B
2441478,Memes
2441478,Hardcore Hip-Hop
2441478,Florida
2441478,Trap
2441478,Rap
2467849,Country
3315890,Trap
3315890,YMCMB
3315890,Pop
3315890,Rap
3315890,Canada
3315890,OVO
3315890,Republic Records
3315890,Young Money
3315890,Toronto
2953761,Adult Contemporary
2953761,Ballad
2953761,Atlantic Records
2953761,UK
2953761,Pop
3182458,Warner Bros.
3182458,Country
3182458,Pop
2992529,Tropical House
2992529,Atlanta
2992529,R&B
2992529,Cuba
2992529,Epic Records
2992529,300 Entertainment
2992529,Latin Music
2992529,Trap
2992529,YSL
2992529,Rap
2992529,Latin Pop
2992529,Pop
2942139,Rap
2942139,Atlanta
2942139,Republic Records
2942139,Trap
2961138,Warner Bros.
2961138,Universal
2961138,Universal Republic Records
2961138,Rap
2961138,Atlantic Records
2961138,Taylor Gang
2961138,Republic Records
3627151,Quality Control Music
3627151,New York
3627151,Bronx
3627151,Atlantic Records
3627151,Warner Bros.
3627151,Trap
3627151,Latin Music
3627151,En Español
3627151,Latin Trap
3627151,Rap
3430424,Interscope Records
3430424,Deutschland
3430424,Electro-Pop
3430424,Electronic
3430424,Dance
3430424,Pop
3807759,Toronto
3807759,Pop
3807759,Trap
3807759,Quality Control Music
3807759,Florida
3807759,Republic Records
3807759,Young Money
3807759,Canada
3807759,R&B
3807759,OVO
3807759,Rap
3261716,Pop
3580132,Bounce
3580132,Rap
3580132,Canada
3580132,Universal Republic Records
3580132,Republic Records
3580132,Universal
3580132,Young Money
3580132,YMCMB
3580132,R&B
3580132,OVO
3580132,Toronto
3359190,Memes
3359190,Alternative Pop
3359190,Cloud Rap
3359190,Emo Rap
3359190,Trap
3359190,Rap
3646568,R&B
3646568,Republic Records
3646568,Pop
3646568,Trap
3646568,New York
3646568,Cloud Rap
3646568,Rap
3453298,Pop
2998098,Universal
2998098,Interscope Records
2998098,UK
2998098,R&B
3013669,Power Pop
3013669,Electronic
3013669,Electro-Pop
3013669,Tropical House
3013669,UK
3013669,Pop
3430186,Trap
3430186,Emo Rap
3430186,Rap
3430186,Capitol Records
3430186,Universal
3430186,Alternative
3430186,Cloud Rap
3430186,Florida
3107031,Tropical House
3107031,Canada
3107031,Toronto
3107031,Electro-Pop
3107031,Electro
3107031,R&B
3107031,México
3107031,Cuba
3107031,Epic Records
3107031,Pop
3396356,Soundtrack
3396356,R&B
3649172,Universal
3649172,Florida
3649172,Republic Records
3649172,Electro-Pop
3649172,Synth-Pop
3649172,Pop
3649172,Dance-Pop
3277867,Atlantic Records
3277867,Synth-Pop
3277867,Electro-Pop
3277867,Electronic
3277867,Memes
3277867,Instrumental Hip-Hop
3277867,Pop
3277867,Internet
3277867,R&B
3044373,Synth-Pop
3044373,Adult Alternative
3044373,Electronic Rock
3044373,Electro-Pop
3044373,Alternative Dance
3044373,Dance-Pop
3044373,Indie Rock
3044373,Alternative Pop
3044373,Alternative
3044373,Pop
3044373,Pop-Rock
3044373,Alternative Rock
3044373,Rock
3452330,Young Money
3452330,Warner Bros.
3452330,Southern
3452330,Tennessee
3452330,Memphis
3452330,Toronto
3452330,Canada
3452330,OVO
3452330,Trap
3452330,Rap
3283025,Synth-Pop
3283025,New Wave
3283025,Tropical House
3283025,Electro-Pop
3283025,Electronic
3283025,Big Machine Records
3283025,Pop
3702977,Trap
3702977,Toronto
3702977,Canada
3702977,Universal
3702977,Universal Republic Records
3702977,Capitol Records
3702977,Motown
3702977,Quality Control Music
3702977,Atlanta
3702977,YMCMB
3702977,OVO
3702977,Rap
3348299,Atlantic Records
3348299,Warner Bros.
3348299,Dance-Pop
3348299,Electro-Pop
3348299,Electronic
3348299,Dance
3348299,Pop
3069729,Alternative Pop
3069729,Alternative
3069729,Pop
3069729,Rap
3069729,Dance-Pop
3720642,Rap
2853827,Hip-Hop
2853827,Pop
2853827,Rap
3151905,Trap
3151905,East Coast
3151905,New York
3151905,Bronx
3151905,West Coast
3151905,A$AP Mob
3151905,RCA
3151905,Rap
3767821,Pop
3767821,Universal
3767821,YMCMB
3767821,Republic Records
3767821,Trap
3767821,New York
3767821,Young Money
3767821,Interscope Records
3767821,Rap
3422928,Country
3008446,Adult Contemporary
3008446,Alternative Dance
3008446,Electronic Rock
3008446,Adult Alternative
3008446,Pop
3008446,Pop-Rock
3008446,Funk Rock
3008446,Electronic
3008446,Indie Rock
3008446,Alternative Pop
3008446,Alternative Rock
3008446,Indie Pop
3008446,Rock
3291049,Warner Bros.
3291049,Atlantic Records
3291049,YMCMB
3291049,Universal
3291049,Quality Control Music
3291049,Capitol Records
3291049,Bronx
3291049,Young Money
3291049,New York
3291049,Atlanta
3291049,Motown
3291049,Trap
3291049,Rap
3092121,Electronic
3092121,Pop
3593894,Capitol Records
3593894,New Wave
3593894,Pop
3593894,Synth-Pop
3593894,Electro-Pop
3593894,Alternative Pop
3593894,Australia
3593894,Pop-Rock
3593894,Rock
3080781,Indie Rock
3080781,Alternative Pop
3080781,Alternative
3080781,Adult Alternative
3080781,Pop
3080781,Alternative Rock
3080781,Pop-Rock
3080781,Rock
3296796,Republic Records
3296796,Motown
3296796,Epic Records
3296796,Quality Control Music
3296796,Capitol Records
3296796,Atlanta
3296796,Trap
3296796,Rap
2900237,R&B
2900237,Republic Records
2900237,Rap
3487532,Marvel
3487532,Universal Republic Records
3487532,Universal
3487532,Republic Records
3487532,Interscope Records
3487532,Aftermath Entertainment
3487532,XO
3487532,Canada
3487532,Toronto
3487532,TDE
3487532,West Coast
3487532,Compton
3487532,Soundtrack
3487532,R&B
3487532,Rap
3684536,Ballad
3684536,Electro-Pop
3684536,Dance-Pop
3684536,Universal
3684536,Interscope Records
3684536,Soundtrack
3684536,Pop
3876994,Memes
3876994,G.O.O.D. Music
3876994,Rap
3876994,Grand Hustle
3876994,Universal
3876994,Young Money
3876994,YMCMB
3876994,Epic Records
3876994,Toronto
3876994,OVO
3876994,Canada
3876994,Houston
3876994,Trap
3433244,YMCMB
3433244,Capitol Records
3433244,Motown
3433244,Canada
3433244,Quality Control Music
3433244,Atlanta
3433244,Toronto
3433244,OVO
3433244,Young Money
3433244,Trap
3433244,Rap
3214267,Memes
3214267,Warner Bros.
3214267,Florida
3214267,Trap
3214267,Rap
3205434,West Coast
3205434,New Jersey
3205434,R&B
3205434,RCA
3205434,Rap
3591762,Producer 
3591762,Rock
3591762,Adult Contemporary
3591762,Ballad
3591762,Pop-Rock
3591762,Canada
3591762,Universal
3591762,Island Records
3591762,Pop
3412272,Interscope Records
3412272,Aftermath Entertainment
3412272,Pop
3412272,Soundtrack
3412272,R&B
3412272,Rap
3412272,TDE
3383633,Universal
3383633,Capitol Records
3383633,Motown
3383633,Quality Control Music
3383633,Atlanta
3383633,Trap
3383633,Rap
3219597,Adult Contemporary
3219597,R&B
3219597,Soul Pop
3219597,Orchestral
3219597,Capitol Records
3219597,Soul
3219597,Ballad
3219597,UK
3219597,Pop
3047141,Producer 
3047141,Ballad
3047141,Conscious Hip-Hop
3047141,Pop
3047141,R&B
3047141,Compton
3047141,Interscope Records
3047141,Aftermath Entertainment
3047141,TDE
3047141,West Coast
3047141,Rap
3688791,Memes
3688791,Gospel
3688791,Trap
3688791,RCA
3688791,Rap
3807730,Memes
3807730,Trap
3807730,YMCMB
3807730,Young Money
3807730,Republic Records
3807730,Toronto
3807730,OVO
3807730,Canada
3807730,Rap
3227642,Country
3095483,New York
3095483,Bronx
3095483,Atlantic Records
3095483,Trap
3095483,Rap
3258567,Roc Nation
3258567,Warner Bros.
3258567,RCA
3258567,Epic Records
3258567,Comedy
3258567,Rap
3266784,Rap
3266784,Interscope Records
3266784,East Coast
3459610,Interscope Records
3459610,Rich Forever Music
3459610,Atlanta
3459610,Trap
3459610,Rap
3261710,R&B
3261710,Pop
3615018,Quality Control Music
3615018,R&B
3615018,Bronx
3615018,New York
3615018,Atlantic Records
3615018,Pop
3615018,Rap
3627446,Pop
3344378,Epic Records
3344378,Atlanta
3344378,Atlantic Records
3344378,New York
3344378,Bronx
3344378,Trap
3344378,Rap
3681280,Universal
3681280,PBR&B
3681280,Electro-Pop
3681280,Florida
3681280,Republic Records
3681280,Trap
3681280,R&B
3681280,Pop
3739219,New York
3739219,Compton
3739219,Detroit
3739219,Atlanta
3739219,Roc Nation
3739219,G.O.O.D. Music
3739219,Universal
3739219,Universal Republic Records
3739219,Young Money
3739219,YMCMB
3739219,Def Jam Recordings
3739219,Rap
3139343,R&B
3139343,Pop
3236636,Disco
3236636,Funk
3236636,Pop
2437315,Pop
2988428,RCA
2988428,R&B
3596108,UK
3596108,Alternative Dance
3596108,Dance-Pop
3596108,Electro-Pop
3596108,Pop
3833988,Alternative
3833988,Adult Alternative
3833988,Indie Rock
3833988,Alternative Rock
3833988,Pop-Rock
3833988,Rock
3833988,Pop
3471274,Country
2949128,Atlantic Records
2949128,Tropical House
2949128,Dancehall
2949128,Pop
2949128,UK
3200747,Quality Control Music
3200747,Atlantic Records
3200747,Atlanta
3200747,Trap
3200747,Rap
3844672,Capitol Records
3844672,Motown
3844672,Universal
3844672,R&B
3844672,Electro-Pop
3844672,SAVEMONEY
3844672,Canada
3844672,Def Jam Recordings
3844672,Quality Control Music
3844672,Chicago
3844672,Atlanta
3844672,Epic Records
3844672,Rap
3844672,Pop
3121669,New York
3121669,RCA
3121669,Trap
3121669,Rap
3121669,A$AP Mob
3209510,Rap
3209510,Electro-Pop
3209510,Pop
3209510,G.O.O.D. Music
3209510,Grand Hustle
3209510,RCA
3209510,R&B
3174377,Big Machine Records
3174377,Country
3828011,Universal
3828011,Interscope Records
3828011,Summer
3828011,R&B
3828011,Pop
3614919,Republic Records
3614919,XO
3614919,Canada
3614919,R&B
3429382,Trap
3429382,Memes
3429382,Atlanta
3429382,Soundtrack
3429382,Interscope Records
3429382,Marvel
3429382,Aftermath Entertainment
3429382,Compton
3429382,West Coast
3429382,Rap
3429382,TDE
3792450,Alternative Dance
3792450,Alternative Pop
3792450,Alternative Rock
3792450,Adult Contemporary
3792450,Universal
3792450,Electro-Pop
3792450,Future Bass
3792450,Electronic
3792450,Dance
3792450,Pop
3756605,Country
2432515,Non-Music
2432515,Meta
2432515,Country
2432515,Rock
2432515,Pop
2432515,R&B
2432515,Rap
3415571,Contemporary Folk
3415571,Experimental Folk
3415571,Experimental Pop
3415571,Electro-Pop
3415571,Americana
3415571,Universal
3415571,RCA
3415571,Pop
3415571,Country
3745302,Trap
3745302,Republic Records
3745302,YMCMB
3745302,Canada
3745302,Rap
3745302,OVO
3745302,Young Money
3630846,Country
3453573,Emo Rap
3453573,Universal
3453573,Cloud Rap
3453573,Capitol Records
3453573,Alternative
3453573,Emo
3453573,Florida
3453573,Rap
3212901,Funk
3212901,R&B
3212901,Universal
3212901,RCA
3212901,Interscope Records
3212901,TDE
3212901,Pop
3527266,Afrobeats
3527266,Dancehall
3527266,En Español
3527266,Reggaeton
3527266,Latin Pop
3527266,Latin Music
3527266,Pop
3314180,Rap
3866574,UK
3866574,R&B
3420535,Puerto Rico
3420535,Latin Pop
3420535,Pop
3420535,Latin Urban
3420535,Latin Music
3420535,Rap
3420535,En Español
3420535,Reggaeton
3549578,Universal
3549578,Cinematic Music Group
3549578,Piano
3549578,Atlantic Records
3549578,Capitol Records
3549578,Emo
3549578,Soul Pop
3549578,Soul
3549578,Florida
3549578,R&B
2999199,Country
2928745,Country
3557578,Playlist
3557578,List
3557578,Non-Music
3051942,Power Pop
3051942,Tropical House
3051942,UK
3051942,Pop
3106596,French Pop
3106596,Pop
3106596,En Español
3106596,Latin Music
3106596,Reggaeton
2970719,Alternative Pop
2970719,Alternative Rock
2970719,Rock
2970719,Pop-Rock
2970719,Alternative
2970719,Adult Alternative
2970719,Electro-Pop
2970719,Pop
